id;nazov;kategoria;kuchyna_teraz;kuchyna_navrh;istota;signaly
155-belmont;155 Belmont;Kokteil;Medzinárodná;Medzinárodná;ponechať;žiadny signál
3-mile-long-island-iced-tea;3-Mile Long Island Iced Tea;Kokteil;Medzinárodná;Medzinárodná;ponechať;žiadny signál
a-midsummernight-dream;A midsummernight dream;Kokteil;Medzinárodná;Medzinárodná;ponechať;žiadny signál
abbey-cocktail;Abbey Cocktail;Kokteil;Medzinárodná;Medzinárodná;ponechať;žiadny signál
abbey-martini;Abbey Martini;Kokteil;Medzinárodná;Medzinárodná;ponechať;žiadny signál
acai-bowl;Acai bowl;Raňajky;Medzinárodná;Medzinárodná;ponechať;žiadny signál
adam-sunrise;Adam Sunrise;Kokteil;Medzinárodná;Medzinárodná;ponechať;žiadny signál
addington;Addington;Kokteil;Medzinárodná;Medzinárodná;ponechať;žiadny signál
addison-special;Addison Special;Kokteil;Medzinárodná;Medzinárodná;ponechať;žiadny signál
afterglow;Afterglow;Nápoj;Medzinárodná;Medzinárodná;ponechať;žiadny signál
alice-cocktail;Alice Cocktail;Nápoj;Medzinárodná;Medzinárodná;nízka;Francúzska=2 [smotana]
ananasova-smoothie-bowl;Ananásová smoothie bowl;Raňajky;Medzinárodná;Medzinárodná;ponechať;žiadny signál
ananasovy-kolac;Ananásový koláč;Dezert;Medzinárodná;Medzinárodná;nízka;Turecká=3 [jogurt]
avokadova-natierka;Avokádová nátierka;Nátierka;Medzinárodná;Medzinárodná;nízka;Blízkovýchodná=4 [tahini] | 2. Mexická=3
avokadova-pena;Avokádová pena;Dezert;Medzinárodná;Medzinárodná;nízka;Mexická=3 [avokado]
avokadove-brownies;Avokádové brownies;Dezert;Medzinárodná;Medzinárodná;nízka;Americká=4 [brownie] | 2. Mexická=3
avokadovo-cicerova-natierka;Avokádovo-cícerová nátierka;Nátierka;Medzinárodná;Medzinárodná;nízka;Indická=3 [cicer] | 2. Mexická=3
avokadovo-tuniakove-zapecene-hrianky;Avokádovo-tuniakové zapečené hrianky;Raňajky;Medzinárodná;Medzinárodná;nízka;Talianska=4 [mozzarell, olivovy olej] | 2. Mexická=3
babovka-s-cicerom;Bábovka s cícerom;Dezert;Medzinárodná;Medzinárodná;nízka;Indická=3 [cicer] | 2. Blízkovýchodná=3
bageta-ostiepok;Bageta s oštiepkom a paradajkami;Raňajky;(prázdna);Medzinárodná;nízka;Talianska=1 [olivovy olej]
bageta-udena-sunka-gouda;Bageta s údenou šunkou a goudou;Raňajky;Medzinárodná;Medzinárodná;ponechať;žiadny signál
banana-strawberry-shake;Banana Strawberry Shake;Nápoj;Medzinárodná;Medzinárodná;nízka;Turecká=3 [jogurt]
bananky-v-cokolade;Banánky v čokoláde;Snack;Medzinárodná;Medzinárodná;nízka;Americká=3 [arasidove maslo] | 2. Britská=3
bananove-lievance;Banánové lievance;Raňajky;Medzinárodná;Medzinárodná;nízka;Britská=3 [ovsene vlocky]
bananove-muffiny;Banánové muffiny;Dezert;Medzinárodná;Medzinárodná;nízka;Britská=3 [ovsene vlocky]
bananovo-jablecne-kosicky-s-quinoou;Banánovo-jablčné košíčky s quinoou;Dezert;Medzinárodná;Medzinárodná;nízka;Britská=3 [ovsene vlocky]
bananovo-melonove-smoothie;Banánovo-melónové smoothie;Nápoj;Medzinárodná;Medzinárodná;ponechať;žiadny signál
bananovy-kolac;Banánový koláč;Dezert;Medzinárodná;Medzinárodná;nízka;Talianska=3 [ricotta] | 2. Slovenská=3
batatove-chipsy-s-avokadovym-dipom;Batátové chipsy s avokádovým dipom;Snack;Medzinárodná;Medzinárodná;nízka;Mexická=3 [avokado] | 2. Turecká=3
batatove-placky-s-pecenymi-jablkami-so-skoricou;Batátové placky s pečenými jablkami so škoricou;Raňajky;Medzinárodná;Medzinárodná;nízka;Slovenská=2 [zemiak]
bazalkova-limonada;Bazalková limonáda;Nápoj;Medzinárodná;Medzinárodná;nízka;Turecká=3 [mata] | 2. Talianska=2
between-the-sheets;Between The Sheets;Kokteil;Medzinárodná;Medzinárodná;ponechať;žiadny signál
bielkovinove-palacinky;Bielkovinové palacinky;Raňajky;Medzinárodná;Medzinárodná;ponechať;žiadny signál
blue-margarita;Blue Margarita;Kokteil;Medzinárodná;Medzinárodná;nízka;Mexická=2 [limetk] | 2. Ázijská=1
bravcova-panenka-paprika;Bravčová panenka na paprike s ryžou;Hlavné jedlo;Medzinárodná;Medzinárodná;nízka;Španielska=3 [udena paprika] | 2. Francúzska=2
brokolicova-kremova-polievka;Brokolicová krémová polievka;Polievka;Medzinárodná;Medzinárodná;nízka;Francúzska=2 [smotana] | 2. Slovenská=2
brokolicova-polievka-so-zelerom;Brokolicová polievka so zelerom;Polievka;Medzinárodná;Medzinárodná;nízka;Talianska=1 [olivovy olej]
brokolicove-muffiny;Brokolicové muffiny;Snack;Medzinárodná;Talianska;stredná;Talianska=4 [mozzarell, olivovy olej]
brokolicovy-salat-jablko;Brokolicový salát s jablkom;Šalát;Medzinárodná;Medzinárodná;nízka;Americká=3 [arasidove maslo] | 2. Talianska=1
broskvova-galette;Broskyňová galette;Dezert;Medzinárodná;Medzinárodná;ponechať;žiadny signál
broskynove-smoothie;Broskyňové smoothie;Nápoj;Medzinárodná;Medzinárodná;nízka;Turecká=3 [jogurt]
broskynovy-kolac;Broskyňový koláč;Dezert;Medzinárodná;Medzinárodná;nízka;Francúzska=2 [smotana]
brownies-vafle;Brownies vafle;Raňajky;Medzinárodná;Americká;stredná;Americká=4 [brownie]
bylinkovo-cesnakova-natierka-na-chlieb;Bylinkovo-cesnaková nátierka na chlieb;Nátierka;Medzinárodná;Medzinárodná;ponechať;žiadny signál
cappuccino-mliecna-ryza;Cappuccino mliečna ryža;Raňajky;Medzinárodná;Medzinárodná;ponechať;žiadny signál
casino;Casino;Kokteil;Medzinárodná;Medzinárodná;ponechať;žiadny signál
celozrnne-krekry;Celozrnné krekry;Snack;Medzinárodná;Medzinárodná;nízka;Slovenská=3 [mak] | 2. Talianska=1
celozrnne-palacinky-s-bananom;Celozrnné palacinky s banánom;Raňajky;Medzinárodná;Medzinárodná;ponechať;žiadny signál
celozrnne-piskoty;Celozrnné piškóty;Dezert;Medzinárodná;Medzinárodná;nízka;Talianska=3 [tiramis]
celozrnne-taskicky-so-spenatom;Celozrnné taštičky so špenátom;Snack;Medzinárodná;Medzinárodná;nízka;Talianska=1 [olivovy olej]
celozrnne-tortilly;Celozrnné tortilly;Príloha;Medzinárodná;Mexická;stredná;Mexická=4 [tortill]
celozrnne-vlockove-zemle;Celozrnné vločkové žemličky;Pečivo;Medzinárodná;Medzinárodná;nízka;Britská=3 [ovsene vlocky]
cesnakove-rozky-s-bylinkovym-maslom;Cesnakové rožky s bylinkovým maslom;Pečivo;Medzinárodná;Medzinárodná;ponechať;žiadny signál
cesnakovo-syrovy-chlieb-na-panvici;Cesnakovo-syrový chlieb na panvici;Pečivo;Medzinárodná;Medzinárodná;ponechať;žiadny signál
cestovinovy-salat;Cestovinový šalát;Šalát;Medzinárodná;Medzinárodná;nízka;Indická=3 [cicer] | 2. Blízkovýchodná=3
cestoviny-s-cviklovou-omackou;Cestoviny s cviklovou omáčkou;Cestoviny;Medzinárodná;Medzinárodná;nízka;Talianska=4 [cestovin, oregano] | 2. Grécka=3
chia-puding-s-mangovym-pyre;Chia puding s mangovým pyré;Raňajky;Medzinárodná;Medzinárodná;ponechať;žiadny signál
chia-puding-s-ovocim;Chia puding s ovocím;Raňajky;Medzinárodná;Medzinárodná;nízka;Turecká=3 [mata] | 2. Ázijská=2
chicken-bowl;Chicken bowl;Hlavné jedlo;Medzinárodná;Mexická;stredná;Mexická=5 [avokado, limetk] | 2. Indická=3
chipsy-z-cervenej-repy;Chipsy z červenej repy;Snack;Medzinárodná;Medzinárodná;nízka;Talianska=1 [olivovy olej]
chlieb-so-semienkami;Chlieb so semienkami;Pečivo;Medzinárodná;Medzinárodná;ponechať;žiadny signál
chlieb-so-sunkou-a-uhorkou;Chlieb so šunkou a uhorkou;Raňajky;(prázdna);Medzinárodná;nízka;Grécka=2 [uhork]
chlieb-so-syrom-a-paradajkou;Chlieb so syrom a paradajkou;Raňajky;(prázdna);Medzinárodná;nízka;Talianska=1 [olivovy olej]
chrumkave-kusky-z-bocika;Chrumkavé kúsky z bôčika;Snack;Medzinárodná;Medzinárodná;ponechať;žiadny signál
chrumkave-zemiakove-vrecka;Chrumkavé zemiakové vrecká;Snack;Medzinárodná;Talianska;vysoká;Talianska=6 [parmez, mozzarell] | 2. Mexická=2
cicerova-natierka;Cícerová nátierka;Nátierka;Medzinárodná;Medzinárodná;nízka;Indická=3 [cicer] | 2. Blízkovýchodná=3
cicerova-omacka-s-quinoou;Cícerová omáčka s quinoou;Hlavné jedlo;Medzinárodná;Medzinárodná;nízka;Indická=3 [cicer] | 2. Blízkovýchodná=3
cicerova-placka-s-cucoriedkami;Cícerová placka s čučoriedkami;Dezert;Medzinárodná;Medzinárodná;nízka;Indická=3 [cicer] | 2. Blízkovýchodná=3
citronovy-kolac;Citrónový koláč;Dezert;Medzinárodná;Medzinárodná;ponechať;žiadny signál
citronovy-napoj-so-zazvorovou-limonadou;Citrónový nápoj so zázvorovou limonádou;Nápoj;Medzinárodná;Medzinárodná;nízka;Ázijská=2 [zazvor]
clover-club;Clover Club;Kokteil;Medzinárodná;Medzinárodná;ponechať;žiadny signál
cokoladove-muffiny-s-polevou;Čokoládové muffiny s polevou;Dezert;Medzinárodná;Medzinárodná;ponechať;žiadny signál
cokoladove-smoothie-jahody;Čokoládové smoothie s jahodami;Nápoj;Medzinárodná;Americká;stredná;Americká=4 [javorovy sirup] | 2. Mexická=2
cokoladovy-cheesecake;Čokoládový cheesecake;Dezert;Medzinárodná;Americká;stredná;Americká=4 [cheesecak] | 2. Francúzska=2
cokoladovy-hummus;Čokoládový hummus;Dezert;Medzinárodná;Blízkovýchodná;vysoká;Blízkovýchodná=7 [hummus, cicer] | 2. Indická=3
cola-s-citronom;Cola s citrónom;Nápoj;Medzinárodná;Medzinárodná;ponechať;žiadny signál
crepes-s-pecenymi-jablkami-a-kardamomom;Crêpes s pečenými jablkami a kardamómom;Raňajky;Medzinárodná;Medzinárodná;nízka;Turecká=3 [jogurt]
cucoriedkove-energy-gulky;Čučoriedkové energy guľky;Snack;Medzinárodná;Medzinárodná;nízka;Americká=3 [arasidove maslo] | 2. Britská=3
cuketova-polievka;Cuketová polievka;Polievka;Medzinárodná;Grécka;stredná;Grécka=4 [feta] | 2. Talianska=1
cuketova-pomazanka-na-topinky;Cuketová nátierka na hrianky;Nátierka;Medzinárodná;Medzinárodná;nízka;Indická=3 [kari koren] | 2. Ázijská=2
cuketove-hniezda;Cuketové hniezda;Raňajky;Medzinárodná;Medzinárodná;nízka;Mexická=3 [avokado]
cuketove-kulicky;Cuketové kuličky;Snack;Medzinárodná;Medzinárodná;nízka;Grécka=3 [oregano] | 2. Britská=3
cuketove-palacinky;Cuketové palacinky;Príloha;Medzinárodná;Medzinárodná;ponechať;žiadny signál
cuketove-placky;Cuketové placky;Hlavné jedlo;Medzinárodná;Medzinárodná;nízka;Britská=3 [ovsene vlocky]
cviklova-polievka;Cviklová polievka;Polievka;Medzinárodná;Medzinárodná;nízka;Francúzska=2 [smotana] | 2. Talianska=1
cviklovy-salat-s-fetou-a-orechmi;Cviklový šalát s fetou a vlašskými orechmi;Šalát;Medzinárodná;Grécka;vysoká;Grécka=6 [feta, uhork] | 2. Ázijská=3
datlove-muffiny;Datľové muffiny;Dezert;Medzinárodná;Medzinárodná;ponechať;žiadny signál
dip-z-arasidoveho-masla;Dip z arašidového masla;Nátierka;Medzinárodná;Medzinárodná;nízka;Americká=3 [arasidove maslo] | 2. Turecká=3
domace-arasidove-maslo;Domáce arašidové maslo;Nátierka;Medzinárodná;Medzinárodná;nízka;Americká=3 [arasidove maslo]
domaci-smotanovy-syr;Domáci smotanový syr;Nátierka;Medzinárodná;Medzinárodná;nízka;Turecká=3 [jogurt] | 2. Francúzska=2
dusene-musle;Dusené mušle;Hlavné jedlo;Medzinárodná;Medzinárodná;nízka;Francúzska=3 [estragon]
egg-cream-sodovy-napoj-so-sirupom;Egg cream (sódový nápoj so sirupom);Nápoj;Medzinárodná;Medzinárodná;ponechať;žiadny signál
energy-tycinky;Energy tyčinky;Snack;Medzinárodná;Medzinárodná;nízka;Americká=4 [javorovy sirup] | 2. Britská=3
fazulova-kremova-polievka;Fazuľová krémová polievka;Polievka;Medzinárodná;Medzinárodná;nízka;Talianska=3 [pesto] | 2. Slovenská=2
fazulove-karbonatky-orechy-pecena-cakanka;Fazuľové karbonátky s vlašskými orechmi a pečenou čakankou;Hlavné jedlo;Medzinárodná;Medzinárodná;nízka;Indická=4 [ghi] | 2. Ázijská=3
fazulovy-salat-s-cibulou-a-octom;Fazuľový šalát s cibuľou a octom;Šalát;Medzinárodná;Medzinárodná;nízka;Slovenská=3 [klobas]
frose;Frosé;Kokteil;Medzinárodná;Medzinárodná;ponechať;žiadny signál
garlic-butter-shrimp;Garlic Butter Shrimp (cesnakové krevety);Hlavné jedlo;Medzinárodná;Medzinárodná;nízka;Francúzska=2 [smotana] | 2. Talianska=1
granola-s-mandlovym-maslom;Granola s mandľovým maslom;Raňajky;Medzinárodná;Medzinárodná;nízka;Britská=3 [ovsene vlocky]
gravlax-s-cervenou-repou;Gravlax s červenou repou;Snack;Medzinárodná;Medzinárodná;ponechať;žiadny signál
grilovane-sampinony-portobello;Grilované šampiňóny portobello;Príloha;Medzinárodná;Medzinárodná;nízka;Americká=4 [burger] | 2. Talianska=3
gumovi-medvidci-bez-cukru;Gumové medvedíky bez cukru;Snack;Medzinárodná;Americká;stredná;Americká=4 [javorovy sirup]
hit-n-run-pecene-kura;Hit 'n' run pečené kura (traybake);Hlavné jedlo;Medzinárodná;Medzinárodná;nízka;Talianska=3 [balzamik, olivovy olej] | 2. Španielska=3
horuca-cokolada-so-skoricou;Horúca čokoláda so škoricou;Nápoj;Medzinárodná;Medzinárodná;ponechať;žiadny signál
horuca-cokolada-so-smotanou;Horúca čokoláda so smotanou;Nápoj;Medzinárodná;Medzinárodná;ponechať;žiadny signál
hovadzia-natierka-na-hrianky;Nátierka na hrianky;Nátierka;Medzinárodná;Medzinárodná;nízka;Talianska=1 [olivovy olej]
hrachova-polievka-s-mrkvou;Hrachová polievka s mrkvou;Polievka;Medzinárodná;Medzinárodná;ponechať;žiadny signál
hraskove-pyre-peceny-losos-chlieb;Hráškové pyré a pečený losos na celozrnnom chlebe;Raňajky;Medzinárodná;Medzinárodná;nízka;Turecká=3 [jogurt]
hraskovy-krem;Hráškový krém;Polievka;Medzinárodná;Medzinárodná;nízka;Mexická=2 [limetk] | 2. Francúzska=2
hubova-kremova-polievka;Hubová krémová polievka;Polievka;Medzinárodná;Medzinárodná;nízka;Francúzska=2 [smotana] | 2. Slovenská=2
hubova-polievka;Hubová polievka;Polievka;Medzinárodná;Medzinárodná;ponechať;žiadny signál
hubove-pate;Hubové paté;Nátierka;Medzinárodná;Medzinárodná;ponechať;žiadny signál
jablckova-granola;Jablčková granola;Raňajky;Medzinárodná;Medzinárodná;ponechať;žiadny signál
jablcne-muffiny-z-pecenych-jablk-s-drobenkou;Jablčné muffiny z pečených jabĺk s drobenkou;Dezert;Medzinárodná;Medzinárodná;nízka;Talianska=3 [ricotta]
jablecne-smoothie-mata-limetka;Jablčné smoothie s mätou a limetkou;Nápoj;Medzinárodná;Medzinárodná;nízka;Turecká=3 [mata] | 2. Mexická=2
jablkove-vafle;Jablkové vafle;Raňajky;Medzinárodná;Medzinárodná;nízka;Turecká=3 [jogurt] | 2. Grécka=2
jablkovo-skoricove-palacinky;Jablkovo-škoricové palacinky;Raňajky;Medzinárodná;Medzinárodná;ponechať;žiadny signál
jahlovy-salat-pazitkovy-dresing;Jáhlový salát s pažítkovým dresingom;Šalát;Medzinárodná;Mexická;stredná;Mexická=5 [avokado, limetk] | 2. Talianska=3
jahodova-chia-marmelada;Jahodová chia marmeláda;Nátierka;Medzinárodná;Medzinárodná;ponechať;žiadny signál
jahodova-pena;Jahodová pena;Dezert;Medzinárodná;Medzinárodná;nízka;Francúzska=2 [smotana]
jahodove-nanuky-s-chia-semienkami;Jahodové nanuky s chia semienkami;Dezert;Medzinárodná;Medzinárodná;nízka;Slovenská=3 [tvaroh]
jahodovo-bananove-smoothie;Jahodovo-banánové smoothie;Nápoj;Medzinárodná;Medzinárodná;nízka;Britská=3 [ovsene vlocky]
jahodovo-jablkovy-chladeny-napoj;Jahodovo-jablkový chladený nápoj;Nápoj;Medzinárodná;Medzinárodná;ponechať;žiadny signál
jahodovy-frozen-jogurt;Jahodový frozen jogurt;Dezert;Medzinárodná;Medzinárodná;nízka;Turecká=3 [jogurt] | 2. Grécka=2
jahodovy-puding;Jahodový puding;Dezert;Medzinárodná;Medzinárodná;ponechať;žiadny signál
jednohubky-tortilla-losos;Jednohubky z tortilly a údeného lososa;Snack;Medzinárodná;Mexická;vysoká;Mexická=7 [tortill, avokado]
jogurtovy-chladeny-napoj;Jogurtový chladený nápoj;Nápoj;Medzinárodná;Medzinárodná;nízka;Turecká=3 [jogurt]
kakaove-gulky-do-mlieka;Kakaové guľky do mlieka;Dezert;Medzinárodná;Medzinárodná;ponechať;žiadny signál
kakaove-lievance-zo-smotanoveho-syra;Kakaové lievance zo smotanového syra;Raňajky;Medzinárodná;Medzinárodná;nízka;Americká=4 [javorovy sirup] | 2. Slovenská=3
kakaovo-kokosova-pena;Kakaovo-kokosová pena;Dezert;Medzinárodná;Medzinárodná;nízka;Ázijská=2 [kokosove mlieko] | 2. Thajská=2
kakaovy-dezert-z-domaceho-smotanoveho-syra;Kakaový dezert z domáceho smotanového syra;Dezert;Medzinárodná;Medzinárodná;ponechať;žiadny signál
kakaovy-krem-s-tofu;Kakaový krém s tofu;Dezert;Medzinárodná;Medzinárodná;nízka;Slovenská=3 [tvaroh]
kanapky-s-hummusom;Kanapky s hummusom;Snack;Medzinárodná;Medzinárodná;nízka;Blízkovýchodná=4 [hummus] | 2. Talianska=3
karfiol-s-cili-a-rozmarinom;Karfiol s čili a rozmarínom;Príloha;Medzinárodná;Medzinárodná;nízka;Ázijská=2 [kokosove mlieko] | 2. Thajská=2
karfiolova-ryza;Karfiolová ryža;Príloha;Medzinárodná;Indická;vysoká;Indická=7 [ghi, kurkuma] | 2. Slovenská=3
karfiolovy-smaziak;Karfiolový smažiak;Hlavné jedlo;Medzinárodná;Talianska;vysoká;Talianska=8 [parmez, mozzarell, bazalka] | 2. Nemecká=4
kavove-ladove-smoothie;Kávové ľadové smoothie (frappé);Nápoj;Medzinárodná;Medzinárodná;ponechať;žiadny signál
kavove-smoothie-s-bananom;Kávové smoothie s banánom;Nápoj;Medzinárodná;Medzinárodná;nízka;Turecká=3 [jogurt]
kiwi-papaya-smoothie;Kiwi Papaya Smoothie;Nápoj;Medzinárodná;Medzinárodná;ponechať;žiadny signál
klobasky-gril-kapia-zemiaky;Klobásky na gril s pečenou kapiou a zemiakmi;Hlavné jedlo;Medzinárodná;Slovenská;stredná;Slovenská=5 [klobas, zemiak] | 2. Talianska=1
kokosove-rezy;Kokosové rezy;Dezert;Medzinárodná;Medzinárodná;nízka;Britská=3 [ovsene vlocky]
kokosove-tycinky-cokolada;Kokosové tyčinky v čokoláde;Dezert;Medzinárodná;Medzinárodná;ponechať;žiadny signál
kokosove-tycinky-s-cokoladou;Kokosové tyčinky s čokoládou;Snack;Medzinárodná;Americká;stredná;Americká=4 [javorovy sirup]
kokosovo-cokoladove-gulky;Kokosovo-čokoládové guľky;Dezert;Medzinárodná;Medzinárodná;nízka;Ázijská=2 [kokosove mlieko] | 2. Thajská=2
kokosovy-karamel;Kokosový karamel;Dezert;Medzinárodná;Medzinárodná;nízka;Ázijská=2 [kokosove mlieko] | 2. Thajská=2
koprovy-dip;Koprový dip;Nátierka;Medzinárodná;Medzinárodná;nízka;Talianska=3 [ricotta] | 2. Mexická=2
krevety-s-chrastom;Krevety s chrasťou;Hlavné jedlo;Medzinárodná;Medzinárodná;nízka;Mexická=2 [kukuric] | 2. Talianska=1
krevety-s-matovo-zemiakovou-kasou;Krevety s mätovo-zemiakovou kašou;Hlavné jedlo;Medzinárodná;Medzinárodná;nízka;Indická=4 [ghi] | 2. Turecká=3
krevety-s-paradajkami;Krevety s paradajkami;Hlavné jedlo;Medzinárodná;Medzinárodná;nízka;Talianska=3 [bazalka, olivovy olej]
krevety-v-horcicovej-omacke;Krevety v horčicovej omáčke;Hlavné jedlo;Medzinárodná;Medzinárodná;nízka;Talianska=3 [mozzarell] | 2. Francúzska=3
kukuricna-placka-s-pomerancovym-tofu-kremom;Kukuričná placka s pomerančovým tofu krémom;Dezert;Medzinárodná;Medzinárodná;nízka;Mexická=2 [kukuric]
kukuricny-dip;Kukuricový dip;Nátierka;Medzinárodná;Medzinárodná;nízka;Mexická=4 [limetk, kukuric] | 2. Turecká=3
kuraci-salat-s-redkovkami;Kurací šalát s reďkovkami;Šalát;Medzinárodná;Medzinárodná;nízka;Francúzska=3 [dijon] | 2. Nemecká=3
kuracia-gnocchi-polievka;Kuracia gnocchi polievka;Polievka;Medzinárodná;Talianska;vysoká;Talianska=6 [parmez, gnocch] | 2. Turecká=3
kuracie-nugetky-v-lieskovych-orieskoch;Kuracie nugetky v lieskových orieškoch;Hlavné jedlo;Medzinárodná;Medzinárodná;ponechať;žiadny signál
kuracie-prsia-plnene-spenatom-a-syrom;Kuracie prsia plnené špenátom a syrom;Hlavné jedlo;Medzinárodná;Medzinárodná;nízka;Francúzska=2 [smotana]
kuracie-prsia-s-chrenovou-quinoou-a-hubami;Kuracie prsia s chrenovou quinoou a hubami;Hlavné jedlo;Medzinárodná;Medzinárodná;ponechať;žiadny signál
kuracie-prsia-so-smotanovou-omackou;Kuracie prsia so smotanovou omáčkou;Hlavné jedlo;Medzinárodná;Medzinárodná;nízka;Mexická=2 [limetk] | 2. Francúzska=2
kuracie-rolky;Kuracie rolky;Hlavné jedlo;Medzinárodná;Medzinárodná;nízka;Talianska=1 [olivovy olej]
lahsi-egg-nog;Ľahší egg nog;Kokteil;Medzinárodná;Medzinárodná;ponechať;žiadny signál
lassi-khara-slane-indicke-lassi;Lassi khara (slané indické lassi);Nápoj;Medzinárodná;Medzinárodná;nízka;Turecká=3 [jogurt]
lieskovooriskovy-krem;Lieskovoorieškový krém;Nátierka;Medzinárodná;Medzinárodná;ponechať;žiadny signál
losos-s-makovou-krustou;Losos s makovou krustou;Hlavné jedlo;Medzinárodná;Medzinárodná;nízka;Slovenská=3 [mak] | 2. Talianska=1
losos-so-spenatom-a-smotanou;Losos so špenátom a smotanou;Hlavné jedlo;Medzinárodná;Medzinárodná;nízka;Francúzska=2 [smotana]
losos-so-zemiakmi;Losos so zemiakmi;Hlavné jedlo;Medzinárodná;Medzinárodná;nízka;Nemecká=3 [horcica] | 2. Ázijská=2
losos-tatar;Losos tatár;Hlavné jedlo;Medzinárodná;Medzinárodná;nízka;Nemecká=3 [horcica]
malinove-smoothie;Malinové smoothie;Nápoj;Medzinárodná;Medzinárodná;nízka;Ázijská=2 [kokosove mlieko] | 2. Thajská=2
malinovy-parfait;Malinový parfait;Dezert;Medzinárodná;Medzinárodná;nízka;Turecká=3 [jogurt] | 2. Britská=3
mandle-v-cokolade-s-morskou-solou;Mandle v čokoláde s morskou soľou;Snack;Medzinárodná;Medzinárodná;ponechať;žiadny signál
mangovo-pomarancove-smoothie;Mangovo-pomarančové smoothie;Nápoj;Medzinárodná;Medzinárodná;ponechať;žiadny signál
masove-gulky-so-spagetami;Mäsové guľky so špagetami;Cestoviny;Medzinárodná;Medzinárodná;nízka;Talianska=3 [spagety, olivovy olej] | 2. Britská=3
matovo-ovocne-smoothie;Mätovo-ovocné smoothie;Nápoj;Medzinárodná;Medzinárodná;nízka;Turecká=3 [mata]
melonove-smoothie;Melónové smoothie;Nápoj;Medzinárodná;Medzinárodná;ponechať;žiadny signál
melya-espresso-s-medom-a-kakaom;Melya (espresso s medom a kakaom);Nápoj;Medzinárodná;Medzinárodná;ponechať;žiadny signál
mliecna-polievka-s-kukuricou;Mliečna polievka s kukuricou;Polievka;Medzinárodná;Medzinárodná;nízka;Mexická=2 [kukuric] | 2. Slovenská=2
mojito;Mojito;Kokteil;Medzinárodná;Medzinárodná;nízka;Turecká=3 [mata] | 2. Mexická=2
morcacie-s-quinoou;Morčacie s quinoou;Hlavné jedlo;Medzinárodná;Medzinárodná;nízka;Talianska=1 [olivovy olej]
morciacia-zmes-s-cicerom;Morčacia zmes s cícerom;Hlavné jedlo;Medzinárodná;Indická;stredná;Indická=5 [cicer, koriander mlety] | 2. Blízkovýchodná=3
mrkvova-polievka-s-prazenym-cicerom;Mrkvová polievka s praženým cícerom;Polievka;Medzinárodná;Indická;stredná;Indická=5 [cicer, koriander mlety] | 2. Blízkovýchodná=3
mrkvova-rolada;Mrkvová roláda;Dezert;Medzinárodná;Medzinárodná;nízka;Slovenská=3 [tvaroh] | 2. Ázijská=2
mrkvove-hranolky-paprikovy-dip;Mrkvové hranolky s paprikovým dipom;Snack;Medzinárodná;Medzinárodná;nízka;Španielska=3 [udena paprika] | 2. Turecká=3
mrkvove-muffiny-s-jogurtovou-polevou;Mrkvové muffiny s jogurtovou polevou;Dezert;Medzinárodná;Medzinárodná;nízka;Turecká=3 [jogurt]
mrkvove-overnight-oats;Mrkvové overnight oats;Raňajky;Medzinárodná;Medzinárodná;nízka;Turecká=3 [jogurt] | 2. Britská=3
mrkvove-placky;Mrkvové placky;Hlavné jedlo;Medzinárodná;Medzinárodná;nízka;Talianska=3 [bazalka, olivovy olej]
natierka-z-pecenej-cvikly-a-orechov;Nátierka z pečenej cvikly a orechov;Nátierka;Medzinárodná;Medzinárodná;nízka;Turecká=3 [jogurt] | 2. Talianska=1
nepeceny-bananovy-kolac;Nepečený banánový koláč;Dezert;Medzinárodná;Americká;vysoká;Americká=7 [javorovy sirup, arasidove maslo] | 2. Mexická=3
oblozene-rozky-sunka-syr;Obložené rožky so šunkou a syrom;Raňajky;(prázdna);Medzinárodná;ponechať;žiadny signál
okurkovy-salat-s-koprom;Uhorkový šalát s kôprom;Šalát;Medzinárodná;Medzinárodná;nízka;Turecká=3 [jogurt] | 2. Grécka=2
olivove-placky;Olivové placky;Príloha;Medzinárodná;Grécka;vysoká;Grécka=8 [olivy, oregano, grecky jogurt] | 2. Talianska=3
omeleta-so-susenymi-paradajkami;Omeleta so sušenými paradajkami;Raňajky;Medzinárodná;Medzinárodná;nízka;Indická=4 [ghi] | 2. Mexická=3
orechove-tycinky;Orechové tyčinky;Snack;Medzinárodná;Medzinárodná;nízka;Britská=3 [ovsene vlocky] | 2. Ázijská=2
ovocie-v-cokolade;Ovocie v čokoláde;Snack;Medzinárodná;Medzinárodná;nízka;Americká=3 [arasidove maslo]
ovocna-tycinka-domaca;Domáca ovocno-orechová tyčinka;Snack;Medzinárodná;Medzinárodná;ponechať;žiadny signál
ovocny-mriezkovy-kolac;Ovocný mriežkový koláč;Dezert;Medzinárodná;Medzinárodná;ponechať;žiadny signál
ovocny-salat-s-kozim-syrom;Ovocný šalát s kozím syrom;Šalát;Medzinárodná;Medzinárodná;nízka;Talianska=1 [olivovy olej]
ovsena-kasa-cez-noc;Ovsená kaša cez noc;Raňajky;Medzinárodná;Medzinárodná;nízka;Turecká=3 [jogurt] | 2. Britská=3
ovsena-kasa-s-brusnicami-a-orechmi;Ovsená kaša s brusnicami a orechmi;Raňajky;Medzinárodná;Medzinárodná;nízka;Britská=3 [ovsene vlocky]
ovsena-kasa-s-jablkom-a-skoricou;Ovsená kaša s jablkom a škoricou;Raňajky;Medzinárodná;Medzinárodná;nízka;Britská=3 [ovsene vlocky]
ovsena-kasa-s-kakaom-a-bananom;Ovsená kaša s kakaom a banánom;Raňajky;Medzinárodná;Medzinárodná;nízka;Britská=3 [ovsene vlocky]
ovsene-lievance-z-cottage-syra;Ovsené lievance z cottage syra;Raňajky;Medzinárodná;Medzinárodná;nízka;Britská=3 [ovsene vlocky]
ovsene-ranajkove-rozky;Ovsené raňajkové rožky;Pečivo;Medzinárodná;Medzinárodná;nízka;Britská=3 [ovsene vlocky]
ovsene-susienky-na-ranajky;Ovsené sušienky na raňajky;Raňajky;Medzinárodná;Medzinárodná;nízka;Britská=3 [ovsene vlocky]
ovsene-susienky-slane;Ovsené sušienky slané so syrom;Pečivo;Medzinárodná;Medzinárodná;nízka;Ázijská=2 [zazvor]
palacinky-s-matcha-cajom;Palacinky s matcha čajom;Raňajky;Medzinárodná;Medzinárodná;ponechať;žiadny signál
paradajkova-polievka-so-smotanou;Paradajková polievka so smotanou;Polievka;Medzinárodná;Medzinárodná;nízka;Francúzska=2 [smotana] | 2. Slovenská=2
pecena-cvikla-s-tymianom;Pečená cvikla s tymianom;Príloha;Medzinárodná;Medzinárodná;nízka;Grécka=4 [feta] | 2. Talianska=3
pecena-tekvica-s-fetou-a-sezamom;Pečená tekvica s fetou a sezamom;Príloha;Medzinárodná;Medzinárodná;nízka;Grécka=4 [feta] | 2. Talianska=3
pecene-jablka;Pečené jablká;Dezert;Medzinárodná;Medzinárodná;ponechať;žiadny signál
pecene-kura-so-zeleninou-z-jedneho-plechu;Pečené kura so zeleninou z jedného plechu;Hlavné jedlo;Medzinárodná;Medzinárodná;nízka;Talianska=3 [balzamik, olivovy olej] | 2. Slovenská=2
pecene-kura-v-soli;Pečené kura v soli;Hlavné jedlo;Medzinárodná;Medzinárodná;nízka;Slovenská=2 [zemiak]
peceny-grep-ricotta;Pečený grep s ricottou;Raňajky;Medzinárodná;Medzinárodná;nízka;Talianska=3 [ricotta] | 2. Slovenská=3
pecivo-toast;Toastový chlieb;Pečivo;(prázdna);Medzinárodná;nízka;Talianska=1 [olivovy olej]
pikantne-kura-ryza-plech;Pikantné kura s ryžou z plechu;Hlavné jedlo;Medzinárodná;Medzinárodná;nízka;Turecká=3 [jogurt] | 2. Mexická=2
pikantny-cicer;Pikantný cícer;Snack;Medzinárodná;Indická;vysoká;Indická=6 [kurkuma, cicer] | 2. Blízkovýchodná=3
pistaciovi-sneci-s-domacim-lieskoorieskovym-kremom;Pistáciové slimáky s domácim lieskovoorieškovým krémom;Dezert;Medzinárodná;Medzinárodná;nízka;Americká=4 [javorovy sirup] | 2. Slovenská=3
plnene-cokoladove-muffiny;Plnené čokoládové muffiny;Dezert;Medzinárodná;Medzinárodná;ponechať;žiadny signál
plnene-krutie-prsia-s-batatovym-pyre-a-chilli;Plnené morčacie prsia s batátovým pyré a chilli;Hlavné jedlo;Medzinárodná;Medzinárodná;nízka;Ázijská=3 [kokosove mlieko, limetk] | 2. Thajská=2
pohankova-babovka-s-brusnicami;Pohánková bábovka s brusnicami;Dezert;Medzinárodná;Medzinárodná;ponechať;žiadny signál
pohankova-kasa-s-medom-a-kokosom;Pohanková kaša s medom a kokosom;Raňajky;Medzinárodná;Medzinárodná;ponechať;žiadny signál
pohankove-krupky-so-skoricou;Pohánkové krupky so škoricou;Snack;Medzinárodná;Medzinárodná;ponechať;žiadny signál
pohankove-palacinky;Pohankové palacinky;Raňajky;Medzinárodná;Medzinárodná;nízka;Indická=3 [kurkuma] | 2. Slovenská=3
polievka-s-hlivou-ustricovou;Polievka s hlívou ustricovou;Polievka;Medzinárodná;Medzinárodná;ponechať;žiadny signál
polievka-s-trhanym-kuracim-masom;Polievka s trhaným kuracím mäsom;Polievka;Medzinárodná;Medzinárodná;ponechať;žiadny signál
polievka-z-cervenej-fazule;Polievka z červenej fazule;Polievka;Medzinárodná;Medzinárodná;nízka;Talianska=1 [olivovy olej]
polievka-z-cervenej-repy;Polievka z červenej repy;Polievka;Medzinárodná;Medzinárodná;ponechať;žiadny signál
polievka-z-cervenej-sosovice;Polievka z červenej šošovice;Polievka;Medzinárodná;Medzinárodná;nízka;Talianska=1 [olivovy olej]
polievka-z-pecenych-paradajok;Polievka z pečených paradajok;Polievka;Medzinárodná;Medzinárodná;nízka;Talianska=3 [bazalka, olivovy olej]
pomazanka-z-nakladanych-paprik;Pomazánka z nakladaných paprík;Nátierka;Medzinárodná;Medzinárodná;ponechať;žiadny signál
portobello-steaky-avokadova-omacka-zemiaky;Portobello steaky s avokádovou omáčkou a zemiakmi;Hlavné jedlo;Medzinárodná;Medzinárodná;nízka;Indická=4 [ghi] | 2. Mexická=3
prepustene-maslo;Prepustené maslo;Príloha;Medzinárodná;Indická;stredná;Indická=4 [ghi]
priloha-hranolky;Pečené hranolky;Príloha;(prázdna);Medzinárodná;nízka;Slovenská=2 [zemiak]
priloha-kuskus;Kuskus;Príloha;(prázdna);Grécka;vysoká;Grécka=7 [feta, olivy] | 2. Indická=3
priloha-pecene-zemiaky;Pečené zemiaky z plechu;Príloha;(prázdna);Medzinárodná;nízka;Slovenská=2 [zemiak]
priloha-zemiakova-kasa;Zemiaková kaša (príloha);Príloha;(prázdna);Medzinárodná;nízka;Mexická=2 [kukuric] | 2. Slovenská=2
priloha-zemiaky-varene;Varené zemiaky;Príloha;(prázdna);Medzinárodná;nízka;Slovenská=2 [zemiak]
proteinove-gulky-s-brusnicami;Proteínové guľky s brusnicami;Snack;Medzinárodná;Medzinárodná;ponechať;žiadny signál
pstruh-s-chilli-a-limetkou-s-teplym-bulgurovym-salatom;Pstruh s chilli a limetkou s teplým bulgurovým šalátom;Hlavné jedlo;Medzinárodná;Turecká;vysoká;Turecká=7 [bulgur, mata] | 2. Blízkovýchodná=3
pstruh-s-mandlovou-krustou-a-mrkvovym-pyre;Pstruh s mandľovou krustou a mrkvovým pyré;Hlavné jedlo;Medzinárodná;Medzinárodná;nízka;Francúzska=3 [dijon] | 2. Nemecká=3
quiche-so-spenatom-a-gorgonzolou;Quiche so špenátom a gorgonzolou;Hlavné jedlo;Medzinárodná;Medzinárodná;nízka;Francúzska=4 [quiche] | 2. Talianska=3
quinoa-salat-so-zeleninou;Quinoa šalát so zeleninou;Šalát;Medzinárodná;Medzinárodná;nízka;Talianska=2 [balzamik] | 2. Mexická=2
rajcinova-polievka-s-ryzou;Paradajková polievka s ryžou;Polievka;Medzinárodná;Medzinárodná;nízka;Talianska=2 [bazalka]
redkovkova-natierka-s-jogurtom;Reďkovková nátierka s jogurtom;Nátierka;Medzinárodná;Medzinárodná;nízka;Turecká=3 [jogurt]
repne-burgery-avokadova-houska;Repné burgery s avokádovou žemľou;Hlavné jedlo;Medzinárodná;Medzinárodná;nízka;Americká=4 [burger] | 2. Talianska=3
rolada-s-lesnym-ovocim;Roláda s lesným ovocím;Dezert;Medzinárodná;Medzinárodná;nízka;Slovenská=3 [tvaroh]
rukolovy-salat-s-hruskou-a-orechmi;Rukolový šalát s hruškou a orechmi;Šalát;Medzinárodná;Medzinárodná;nízka;Talianska=3 [parmez]
salat-divoka-ryza-kokos;Salát s divokou ryžou a kokosom;Šalát;Medzinárodná;Medzinárodná;nízka;Turecká=3 [jogurt] | 2. Grécka=2
salat-s-avokadom;Šalát s avokádom;Šalát;Medzinárodná;Medzinárodná;nízka;Talianska=3 [oregano, olivovy olej] | 2. Mexická=3
salat-s-cervenou-repou;Šalát s červenou repou;Šalát;Medzinárodná;Medzinárodná;nízka;Talianska=3 [balzamik, olivovy olej]
salat-s-cottage-a-zeleninou;Šalát s cottage syrom a zeleninou;Šalát;Medzinárodná;Medzinárodná;ponechať;žiadny signál
salat-s-kelom-a-uhorkou;Šalát s kelom a uhorkou;Šalát;Medzinárodná;Medzinárodná;nízka;Mexická=3 [avokado] | 2. Nemecká=3
salat-s-tunakom-a-jahodami;Šalát s tuniakom a jahodami;Šalát;Medzinárodná;Turecká;vysoká;Turecká=6 [jogurt, mata] | 2. Mexická=3
salat-so-slnecnicovymi-semienkami;Šalát so slnečnicovými semienkami;Šalát;Medzinárodná;Medzinárodná;nízka;Turecká=3 [jogurt] | 2. Talianska=2
salat-z-peceneho-bataty-s-fetou;Šalát z pečeného batátu s fetou;Šalát;Medzinárodná;Medzinárodná;nízka;Grécka=4 [feta] | 2. Americká=4
salat-z-peceneho-karfiolu-s-hrozienkami;Šalát z pečeného karfiolu s hrozienkami;Šalát;Medzinárodná;Medzinárodná;ponechať;žiadny signál
salat-z-peceneho-zemiaku-so-slaninou;Šalát z pečeného zemiaku so slaninou;Šalát;Medzinárodná;Medzinárodná;nízka;Americká=3 [slanina] | 2. Slovenská=2
salat-z-pecenej-cvikly-a-pomaranca;Šalát z pečenej cvikly a pomaranča;Šalát;Medzinárodná;Medzinárodná;nízka;Talianska=3 [balzamik, olivovy olej] | 2. Francúzska=3
salat-z-pecenej-repy-s-fetou;Šalát z pečenej repy s fetou;Šalát;Medzinárodná;Medzinárodná;nízka;Grécka=4 [feta] | 2. Turecká=3
salat-z-quinoi-s-peceenym-karfiolom;Šalát z quinoi s pečeným karfiolom;Šalát;Medzinárodná;Medzinárodná;nízka;Talianska=3 [bazalka, olivovy olej] | 2. Turecká=3
sampinonova-polievka-s-kari;Šampiňónová polievka s karí korením;Polievka;Medzinárodná;Medzinárodná;nízka;Indická=3 [kari koren] | 2. Slovenská=2
sampinony-plnene-kuskusom;Šampiňóny plnené kuskusom;Hlavné jedlo;Medzinárodná;Medzinárodná;nízka;Talianska=4 [mozzarell, olivovy olej] | 2. Indická=3
sampionova-polievka;Šampiónová polievka;Polievka;Medzinárodná;Medzinárodná;ponechať;žiadny signál
sekana-s-tekvicou;Sekaná s tekvicou;Hlavné jedlo;Medzinárodná;Medzinárodná;nízka;Talianska=1 [olivovy olej]
seminkove-krekry;Semienkové krekry;Snack;Medzinárodná;Medzinárodná;nízka;Britská=3 [ovsene vlocky]
skoricove-jablka-pecene;Škoricové pečené jablká;Dezert;Medzinárodná;Medzinárodná;ponechať;žiadny signál
skoricove-slimaciky;Škoricové slimáčiky;Dezert;Medzinárodná;Medzinárodná;ponechať;žiadny signál
sladke-zemle;Sladké mliečne žemličky;Pečivo;Medzinárodná;Medzinárodná;nízka;Slovenská=3 [tvaroh]
sladky-dynovy-dip;Sladký tekvicový dip;Nátierka;Medzinárodná;Medzinárodná;nízka;Turecká=3 [jogurt] | 2. Grécka=2
slana-galette;Slaná galette;Hlavné jedlo;Medzinárodná;Talianska;vysoká;Talianska=7 [parmez, pesto, olivovy olej]
slana-ovsena-kasa-so-sampionmi;Slaná ovsená kaša so šampiónmi;Raňajky;Medzinárodná;Medzinárodná;nízka;Talianska=4 [parmez, olivovy olej] | 2. Britská=3
slane-makove-tycinky;Slané makové tyčinky;Pečivo;Medzinárodná;Medzinárodná;nízka;Slovenská=3 [mak] | 2. Francúzska=2
slane-mandle-pecene;Slané pečené mandle;Snack;Medzinárodná;Medzinárodná;ponechať;žiadny signál
slane-muffiny-syr-slanina;Slané muffiny so syrom a slaninou;Pečivo;Medzinárodná;Medzinárodná;nízka;Talianska=4 [bazalka, oregano] | 2. Grécka=3
slnecnicove-rozky;Slnečnicové rožky;Pečivo;Medzinárodná;Medzinárodná;nízka;Slovenská=3 [mak]
smoothie-z-hrozna-citrona-a-ananasu;Smoothie z hrozna, citróna a ananásu;Nápoj;Medzinárodná;Medzinárodná;ponechať;žiadny signál
snack-acidko;Acidofilné mlieko;Snack;(prázdna);Medzinárodná;ponechať;žiadny signál
snack-arasidove-maslo-jablko-skorica;Snack: arašidové maslo s jablkom a škoricou;Snack;Medzinárodná;Medzinárodná;nízka;Americká=3 [arasidove maslo]
snack-avokado-vajce-chilli;Snack: avokádo s vajcom a chilli;Snack;Medzinárodná;Medzinárodná;nízka;Mexická=3 [avokado]
snack-cerealna-tycinka;Cereálna tyčinka;Snack;(prázdna);Medzinárodná;nízka;Britská=3 [ovsene vlocky]
snack-cokoladovy-hummus-granatove-jablko-liesk-orechy;Snack: čokoládový hummus s granátovým jablkom a lieskovými orechmi;Snack;Medzinárodná;Blízkovýchodná;stredná;Blízkovýchodná=4 [hummus]
snack-cucoriedky;Čučoriedky;Snack;(prázdna);Medzinárodná;nízka;Talianska=3 [mascarpone] | 2. Mexická=2
snack-horka-cokolada;Horká čokoláda;Snack;(prázdna);Medzinárodná;nízka;Talianska=3 [mascarpone] | 2. Francúzska=2
snack-hruska;Hruška;Snack;(prázdna);Medzinárodná;ponechať;žiadny signál
snack-hummus-uhorka-sezam;Snack: hummus s uhorkou a sezamom;Snack;Medzinárodná;Blízkovýchodná;stredná;Blízkovýchodná=4 [hummus] | 2. Grécka=2
snack-hummus-zelenina;Hummus so zeleninou;Snack;(prázdna);Blízkovýchodná;vysoká;Blízkovýchodná=7 [hummus, cicer] | 2. Indická=3
snack-kefir;Kefír;Snack;(prázdna);Slovenská;vysoká;Slovenská=6 [tvaroh, mak]
snack-krekry;Slané krekry;Snack;(prázdna);Medzinárodná;ponechať;žiadny signál
snack-mandarinka;Mandarínka;Snack;(prázdna);Medzinárodná;nízka;Francúzska=2 [smotana]
snack-mrkva-hummus;Mrkva s hummusom;Snack;(prázdna);Medzinárodná;nízka;Blízkovýchodná=4 [hummus] | 2. Slovenská=3
snack-olivy;Olivy;Snack;(prázdna);Medzinárodná;nízka;Grécka=3 [olivy] | 2. Talianska=1
snack-oriesky;Hrsť orieškov;Snack;(prázdna);Medzinárodná;nízka;Slovenská=3 [mak]
snack-proteinovy-puding;Proteínový puding;Snack;(prázdna);Medzinárodná;ponechať;žiadny signál
snack-ricotta-pekanove-orechy-hrozno;Snack: ricotta s pekanovými orechmi a hroznom;Snack;Medzinárodná;Medzinárodná;nízka;Talianska=3 [ricotta]
snack-ryzove-chlebicky;Ryžové chlebíčky s arašidovým maslom;Snack;(prázdna);Medzinárodná;ponechať;žiadny signál
snack-smotanovy-syr-cuketa-losos;Snack: smotanový syr s cuketou a lososom;Snack;Medzinárodná;Medzinárodná;ponechať;žiadny signál
snack-syr-hrozno;Syr s hroznom;Snack;(prázdna);Medzinárodná;nízka;Talianska=3 [parmez] | 2. Americká=3
snack-tvaroh;Tvaroh;Snack;(prázdna);Medzinárodná;nízka;Slovenská=3 [tvaroh]
sosovicova-natierka;Šošovicová nátierka;Nátierka;Medzinárodná;Medzinárodná;nízka;Indická=3 [kurkuma] | 2. Talianska=1
sosovicova-polievka-s-kurkumou;Šošovicová polievka s kurkumou;Polievka;Medzinárodná;Medzinárodná;nízka;Indická=3 [kurkuma] | 2. Talianska=1
sosovicove-karbanatky;Šošovicové karbanátky;Hlavné jedlo;Medzinárodná;Medzinárodná;nízka;Blízkovýchodná=4 [hummus] | 2. Nemecká=3
spagety-s-omackou-z-pecenych-paprik-a-mletym-krutim-masom;Špagety s omáčkou z pečených paprík a mletým morčacím mäsom;Cestoviny;Medzinárodná;Talianska;stredná;Talianska=4 [spagety, cestovin]
spaldova-kasa-s-pecenymi-cucoriedkami;Špaldová kaša s pečenými čučoriedkami;Raňajky;Medzinárodná;Medzinárodná;ponechať;žiadny signál
spenatova-kremova-polievka;Špenátová krémová polievka;Polievka;Medzinárodná;Medzinárodná;nízka;Slovenská=2 [zemiak]
spenatova-omeleta-so-sampionmi;Špenátová omeleta so šampiónmi;Raňajky;Medzinárodná;Medzinárodná;nízka;Talianska=4 [parmez, olivovy olej] | 2. Mexická=3
spenatovy-salat;Špenátový šalát;Šalát;Medzinárodná;Medzinárodná;nízka;Ázijská=3 [sojova omack] | 2. Talianska=1
spizy-so-slivkami;Špízy so slivkami;Hlavné jedlo;Medzinárodná;Medzinárodná;nízka;Talianska=3 [oregano, olivovy olej] | 2. Indická=3
steak-so-salatom;Steak so šalátom;Hlavné jedlo;Medzinárodná;Medzinárodná;nízka;Talianska=3 [balzamik, olivovy olej]
susene-jablkove-lupienky;Sušené jablkové lupienky;Snack;Medzinárodná;Medzinárodná;ponechať;žiadny signál
susene-marhule-s-mandlami;Sušené marhule s mandľami;Snack;Medzinárodná;Medzinárodná;nízka;Slovenská=3 [tvaroh] | 2. Mexická=2
susienky-s-kardamonom;Sušienky s kardamónom;Dezert;Medzinárodná;Medzinárodná;nízka;Britská=3 [ovsene vlocky]
syrove-kocky-s-hroznom;Syrové kocky s hroznom;Snack;Medzinárodná;Medzinárodná;nízka;Slovenská=3 [mak]
syrove-slimaky;Syrové slimáky;Pečivo;Medzinárodná;Medzinárodná;nízka;Slovenská=3 [mak]
syrovo-slaninove-rozky;Syrovo-slaninové rožky;Pečivo;Medzinárodná;Slovenská;stredná;Slovenská=5 [mak, zemiak] | 2. Americká=3
tekvicova-natierka-so-semienkami;Tekvicová nátierka so semienkami;Nátierka;Medzinárodná;Medzinárodná;nízka;Talianska=1 [olivovy olej]
tekvicovo-jablkova-polievka;Tekvicovo-jablková polievka;Polievka;Medzinárodná;Medzinárodná;nízka;Talianska=1 [olivovy olej]
tortillove-hovadzie-kebaby;Tortillové hovädzie kebaby;Hlavné jedlo;Medzinárodná;Medzinárodná;nízka;Mexická=4 [tortill] | 2. Turecká=4
tunakova-pomazanka-s-chilli;Tuniaková pomazánka s chilli;Nátierka;Medzinárodná;Medzinárodná;nízka;Slovenská=3 [tvaroh] | 2. Talianska=1
tunakove-muffiny;Tuniakové muffiny;Snack;Medzinárodná;Medzinárodná;nízka;Talianska=4 [mozzarell, olivovy olej] | 2. Indická=3
tunakovy-wrap-uhorka;Tuniakový wrap s uhorkou;Raňajky;Medzinárodná;Mexická;stredná;Mexická=4 [tortill] | 2. Grécka=2
tuniakova-natierka-s-koriandrom;Tuniaková nátierka s koriandrom;Nátierka;Medzinárodná;Talianska;stredná;Talianska=4 [ricotta, olivovy olej] | 2. Mexická=2
tuniakove-karbonatky;Tuniakové karbonátky;Hlavné jedlo;Medzinárodná;Medzinárodná;nízka;Francúzska=3 [dijon] | 2. Nemecká=3
tuniakovy-wrap;Tuniakový wrap s orechmi a zelerom;Šalát;Medzinárodná;Mexická;stredná;Mexická=4 [tortill]
tvarohova-natierka-s-pazitkou;Tvarohová nátierka s pažítkou;Nátierka;Medzinárodná;Medzinárodná;nízka;Slovenská=3 [tvaroh] | 2. Francúzska=2
tvarohovo-jahodovy-kolac-studeny;Tvarohovo-jahodový koláč studený (bez pečenia);Dezert;Medzinárodná;Medzinárodná;nízka;Slovenská=3 [tvaroh] | 2. Turecká=3
tvarohovo-kokosove-gulky-pecene;Tvarohovo-kokosové guľky pečené;Dezert;Medzinárodná;Medzinárodná;nízka;Slovenská=3 [tvaroh]
tycinky-z-mozzarelly;Tyčinky z mozzarelly;Snack;Medzinárodná;Talianska;stredná;Talianska=4 [mozzarell, olivovy olej]
vafle-s-parmazanom;Vafle s parmazánom;Raňajky;Medzinárodná;Medzinárodná;nízka;Talianska=3 [parmez]
vajecne-muffiny-so-zeleninou;Vaječné muffiny so zeleninou;Raňajky;Medzinárodná;Medzinárodná;ponechať;žiadny signál
vajickova-natierka-s-kaparmi;Vajíčková nátierka s kaparmi;Nátierka;Medzinárodná;Medzinárodná;nízka;Nemecká=3 [horcica]
vajickove-muffiny;Vajíčkové muffiny;Raňajky;Medzinárodná;Medzinárodná;nízka;Talianska=3 [mozzarell]
vajickove-sendvice;Vajíčkové sendviče so žeruchou;Raňajky;Medzinárodná;Medzinárodná;ponechať;žiadny signál
vajickovy-salat-s-kurkumou;Vajíčkový šalát s kurkumou;Šalát;Medzinárodná;Medzinárodná;nízka;Indická=3 [kurkuma] | 2. Turecká=3
vajicne-ranajky-so-sampinonmi;Vaječné raňajky so šampiňónmi;Raňajky;Medzinárodná;Medzinárodná;ponechať;žiadny signál
zapecene-avokado-s-vajcom;Zapečené avokádo s vajcom;Raňajky;Medzinárodná;Medzinárodná;nízka;Mexická=3 [avokado]
zapecene-cukety-s-hovedzim-masom;Zapečené cukety s hovädzím mäsom;Hlavné jedlo;Medzinárodná;Medzinárodná;nízka;Talianska=4 [parmez, olivovy olej] | 2. Mexická=3
zapecene-paradajky-pazitka-parmezan;Zapečené paradajky s pažítkou a parmezánom;Raňajky;Medzinárodná;Medzinárodná;nízka;Talianska=3 [parmez]
zapecene-sampinony-s-masom;Zapečené šampiňóny s mäsom;Hlavné jedlo;Medzinárodná;Medzinárodná;nízka;Talianska=1 [olivovy olej]
zapecene-sladke-zemiaky-s-hovedzim-masom;Zapečené sladké zemiaky s hovädzím mäsom;Hlavné jedlo;Medzinárodná;Grécka;stredná;Grécka=4 [feta] | 2. Slovenská=2
zapecene-vajcia-so-spenatom;Zapečené vajcia so špenátom;Raňajky;Medzinárodná;Medzinárodná;nízka;Talianska=4 [mozzarell, olivovy olej] | 2. Indická=3
zapecene-zemiaky-s-hubami;Zapečené zemiaky s hubami;Hlavné jedlo;Medzinárodná;Talianska;stredná;Talianska=4 [ricotta, olivovy olej] | 2. Slovenská=2
zapeceny-baklazan-s-olomouckymi-tvarozkami;Zapečený baklažán s olomouckými tvarôžkami;Hlavné jedlo;Medzinárodná;Medzinárodná;ponechať;žiadny signál
zazvorove-smoothie;Zázvorové smoothie;Nápoj;Medzinárodná;Medzinárodná;nízka;Ázijská=2 [zazvor]
zazvorovo-citronovy-napoj-na-prechladnutie;Zázvorovo-citrónový nápoj na prechladnutie;Nápoj;Medzinárodná;Medzinárodná;nízka;Ázijská=2 [zazvor]
zelene-smoothie;Zelené smoothie;Nápoj;Medzinárodná;Turecká;vysoká;Turecká=6 [jogurt, mata] | 2. Grécka=2
zeleninova-polievka-s-cestovinami;Zeleninová polievka s cestovinami;Polievka;Medzinárodná;Talianska;stredná;Talianska=5 [parmez, cestovin]
zeleninova-polievka-s-kuskusom;Zeleninová polievka s kuskusom;Polievka;Medzinárodná;Medzinárodná;nízka;Talianska=1 [olivovy olej]
zeleninovy-salat-s-tuniakom-a-vajcom;Zeleninový šalát s tuniakom a vajcom;Šalát;Medzinárodná;Medzinárodná;nízka;Grécka=2 [uhork] | 2. Talianska=1
zeleny-smoothie-s-uhorkou;Zelený smoothie s uhorkou;Nápoj;Medzinárodná;Medzinárodná;nízka;Grécka=2 [uhork]
zemiakovy-chlieb;Zemiakový chlieb;Pečivo;Medzinárodná;Medzinárodná;nízka;Slovenská=2 [zemiak]
zubac-so-spenatom-mandlami-a-jablkom;Zubáč so špenátom, mandľami a jablkom;Hlavné jedlo;Medzinárodná;Medzinárodná;nízka;Americká=4 [javorovy sirup] | 2. Talianska=3
