surovina_en;surovina_sk;pocet_receptov;naparuje_sa_na_kluc;oddelenie;kcal_100g;zdroj_zaznamu
salt;soľ;242;soľ;Korenie a bylinky;0;existujuci
garlic;cesnak;171;cesnak;Zelenina a ovocie;149;existujuci
onion;cibuľa;155;cibuľa;Zelenina a ovocie;40;existujuci
olive oil;olivový olej;138;olivový olej;Oleje a tuky;884;existujuci
butter;maslo;109;maslo;Mliečne a vajcia;717;existujuci
sugar;cukor;104;cukor;Pečenie a sladké;400;existujuci
water;voda;98;voda;Ostatné;0;existujuci
vegetable oil;rastlinný olej;95;rastlinný olej;Oleje a tuky;884;existujuci
egg;vajcia;81;vajc;Mliečne a vajcia;155;existujuci
milk;mlieko;80;mlieko;Mliečne a vajcia;64;existujuci
eggs;vajcia;79;vajc;Mliečne a vajcia;155;existujuci
pepper;čierne korenie;77;korenie;Korenie a bylinky;0;existujuci
flour;hladká múka;74;múka;Pečenie a sladké;364;existujuci
parsley;petržlenová vňať;71;petržlen;Zelenina a ovocie;36;existujuci
potatoes;zemiaky;67;zemiak;Zelenina a ovocie;77;existujuci
carrots;mrkva;65;mrkva;Zelenina a ovocie;41;existujuci
black pepper;čierne korenie;56;korenie;Korenie a bylinky;0;existujuci
soy sauce;sójová omáčka;48;sójová omáčka;Omáčky a dochucovadlá;60;existujuci
red pepper;červená paprika;47;červená paprika;Zelenina a ovocie;31;existujuci
spring onions;jarná cibuľka;46;jarná cibuľka;Zelenina a ovocie;32;existujuci
paprika;mletá paprika;45;mletá paprika;Korenie a bylinky;282;existujuci
baking powder;prášok do pečiva;43;prášok do pečiva;Pečenie a sladké;60;existujuci
red chilli;chilli paprička;43;chilli paprička;Zelenina a ovocie;40;existujuci
lime;limetka;42;limetk;Zelenina a ovocie;30;existujuci
garlic clove;cesnak;41;cesnak;Zelenina a ovocie;149;existujuci
coriander;koriander;41;koriander;Korenie a bylinky;23;existujuci
tomato puree;paradajkový pretlak;41;paradajkový pretlak;Trvanlivé a konzervy;82;existujuci
plain flour;hladká múka;40;múka;Pečenie a sladké;364;existujuci
lemon;citrón;40;citrón;Zelenina a ovocie;29;existujuci
oil;olej;39;olej;Oleje a tuky;884;existujuci
ginger;zázvor;38;zázvor;Zelenina a ovocie;80;existujuci
tomato;paradajka;37;paradajk;Zelenina a ovocie;18;existujuci
all purpose flour;hladká múka;34;múka;Pečenie a sladké;364;existujuci
cinnamon;škorica;33;škorica;Korenie a bylinky;247;existujuci
brown sugar;hnedý cukor;33;hnedý cukor;Pečenie a sladké;380;existujuci
thyme;tymian;32;tymian;Korenie a bylinky;101;existujuci
bay leaf;bobkový list;31;bobkový list;Korenie a bylinky;313;existujuci
caster sugar;krupicový cukor;31;cukor;Pečenie a sladké;400;existujuci
coconut milk;kokosové mlieko;30;kokosové mlieko;Trvanlivé a konzervy;197;existujuci
chicken stock;kurací vývar;30;vývar;Ostatné;4;existujuci
cumin;rasca;29;rasca;Korenie a bylinky;375;existujuci
red onions;červená cibuľa;28;cibuľa;Zelenina a ovocie;40;existujuci
beef;hovädzie;27;hovädzie;Mäso a ryby;250;existujuci
vanilla extract;vanilkový extrakt;25;vanilkový extrakt;Korenie a bylinky;288;existujuci
unsalted butter;maslo;25;maslo;Mliečne a vajcia;717;existujuci
beef stock;hovädzí vývar;24;vývar;Ostatné;4;existujuci
ground cumin;mletá rasca;24;rasca;Korenie a bylinky;375;existujuci
sunflower oil;slnečnicový olej;23;olej;Oleje a tuky;884;existujuci
bacon;slanina;22;slanin;Mäso a ryby;500;existujuci
yeast;droždie;22;droždie;Pečenie a sladké;325;existujuci
lemon juice;citrónová šťava;22;citrón;Zelenina a ovocie;29;existujuci
rice;ryža;22;ryža;Cestoviny a ryža;360;existujuci
fish sauce;rybia omáčka;21;rybia omáčka;Omáčky a dochucovadlá;35;existujuci
mint;mäta;21;mäta;Zelenina a ovocie;44;existujuci
cucumber;uhorka;21;uhorka;Zelenina a ovocie;15;existujuci
celery;zeler;21;zeler;Zelenina a ovocie;16;existujuci
cornstarch;kukuričný škrob;21;kukuričn;Cestoviny a ryža;357;existujuci
cilantro;koriandrová vňať;20;koriandrová vňať;Korenie a bylinky;23;existujuci
vegetable stock;zeleninový vývar;20;vývar;Ostatné;4;existujuci
onions;cibuľa;20;cibuľa;Zelenina a ovocie;40;existujuci
bread;chlieb;19;chlieb;Pečivo;250;existujuci
sour cream;kyslá smotana;19;smotana;Mliečne a vajcia;250;existujuci
nutmeg;muškátový oriešok;19;muškátový oriešok;Korenie a bylinky;525;existujuci
allspice;nové korenie;18;korenie;Korenie a bylinky;0;existujuci
mayonnaise;majonéza;18;majonéza;Omáčky a dochucovadlá;680;existujuci
breadcrumbs;strúhanka;18;strúhanka;Pečivo;380;existujuci
green chilli;chilli paprička;17;chilli paprička;Zelenina a ovocie;40;existujuci
chorizo;chorizo;17;chorizo;Mäso a ryby;450;existujuci
bay leaves;bobkový list;17;bobkový list;Korenie a bylinky;313;existujuci
chicken;kura;17;kura;Mäso a ryby;239;existujuci
chicken thighs;kuracie stehná;17;kuracie steh;Mäso a ryby;209;existujuci
tomatoes;paradajky;16;paradajk;Zelenina a ovocie;18;existujuci
ground beef;mleté hovädzie;16;hovädzie;Mäso a ryby;250;existujuci
extra virgin olive oil;olivový olej;16;olivový olej;Oleje a tuky;884;existujuci
cayenne pepper;kajenské korenie;16;kajenské korenie;Trvanlivé a konzervy;318;existujuci
sesame seed oil;sezamový olej;16;sezamový olej;Oleje a tuky;884;NOVY
mushrooms;šampiňóny;15;šampiňóny;Zelenina a ovocie;22;existujuci
greek yogurt;grécky jogurt;15;grécky jogurt;Mliečne a vajcia;97;existujuci
cabbage;kapusta;15;kapusta;Zelenina a ovocie;25;existujuci
scallions;jarná cibuľka;15;jarná cibuľka;Zelenina a ovocie;32;existujuci
green pepper;zelená paprika;15;paprika;Zelenina a ovocie;31;existujuci
cardamom;kardamóm;15;kardamóm;Korenie a bylinky;311;existujuci
mustard;horčica;15;horčica;Omáčky a dochucovadlá;66;existujuci
ground cinnamon;mletá škorica;14;mletá škorica;Korenie a bylinky;247;existujuci
cherry tomatoes;cherry paradajky;14;paradajk;Zelenina a ovocie;18;existujuci
rosemary;rozmarín;14;rozmarín;Korenie a bylinky;131;existujuci
shallots;šalotka;14;šalotk;Zelenina a ovocie;72;existujuci
basil;bazalka;14;bazalka;Korenie a bylinky;23;existujuci
pork;bravčové;13;bravčov;Mäso a ryby;242;existujuci
egg yolks;žĺtky;13;žĺtk;Mliečne a vajcia;322;existujuci
leek;pór;13;pór;Zelenina a ovocie;61;existujuci
honey;med;13;med;Pečenie a sladké;304;existujuci
icing sugar;práškový cukor;12;cukor;Pečenie a sladké;400;existujuci
turmeric;kurkuma;12;kurkuma;Korenie a bylinky;354;existujuci
melted butter;maslo;11;maslo;Mliečne a vajcia;717;existujuci
white wine vinegar;vínny ocot;11;ocot;Omáčky a dochucovadlá;20;existujuci
aubergine;baklažán;11;baklažán;Zelenina a ovocie;25;existujuci
feta;feta;11;feta;Mliečne a vajcia;264;existujuci
mozzarella;mozzarella;11;mozzarella;Mliečne a vajcia;280;existujuci
raisins;hrozienka;11;hrozien;Zelenina a ovocie;299;existujuci
rice vinegar;ryžový ocot;11;ocot;Omáčky a dochucovadlá;20;existujuci
red wine vinegar;vínny ocot;11;ocot;Omáčky a dochucovadlá;20;existujuci
lettuce;šalát;10;šalát;Zelenina a ovocie;15;existujuci
oregano;oregano;10;oregano;Korenie a bylinky;265;existujuci
dried oregano;oregano;10;oregano;Korenie a bylinky;265;existujuci
corn flour;kukuričný škrob;10;kukuričn;Cestoviny a ryža;357;existujuci
kosher salt;soľ;10;soľ;Korenie a bylinky;0;existujuci
dill;kôpor;10;kôpor;Korenie a bylinky;43;existujuci
minced beef;mleté hovädzie;10;hovädzie;Mäso a ryby;250;existujuci
chicken breast;kuracie prsia;10;kuracie prsia;Mäso a ryby;165;existujuci
sesame seed;sezamové semienka;10;sezamové semien;Orechy a semená;573;existujuci
parmesan;parmezán;10;parmezán;Mliečne a vajcia;400;existujuci
almonds;mandle;10;mandle;Orechy a semená;579;existujuci
sausages;klobása;9;klobás;Mäso a ryby;300;existujuci
chicken breasts;kuracie prsia;9;kuracie prsia;Mäso a ryby;165;existujuci
tinned tomatos;paradajky v konzerve;9;paradajky v konzerve;Trvanlivé a konzervy;20;NOVY
avocado;avokádo;9;avokádo;Zelenina a ovocie;160;existujuci
rice noodles;ryžové rezance;9;rezance;Cestoviny a ryža;370;existujuci
green beans;fazuľové struky;9;fazuľov;Zelenina a ovocie;30;existujuci
garlic powder;cesnakový prášok;9;cesnakový prášok;Trvanlivé a konzervy;331;existujuci
sweetcorn;kukurica;9;kukurica;Zelenina a ovocie;86;existujuci
chopped tomatoes;paradajky v konzerve;9;paradajky v konzerve;Trvanlivé a konzervy;20;NOVY
pumpkin;tekvica;8;tekvica;Zelenina a ovocie;26;NOVY
egg plants;baklažán;8;baklažán;Zelenina a ovocie;25;existujuci
cream cheese;smotanový syr;8;smotanový syr;Mliečne a vajcia;250;existujuci
hotsauce;chilli omáčka;8;chilli omáčka;Omáčky a dochucovadlá;240;existujuci
cheese;syr;8;syr;Mliečne a vajcia;350;existujuci
plum tomatoes;paradajky v konzerve;8;paradajky v konzerve;Trvanlivé a konzervy;20;NOVY
chilli powder;chilli prášok;8;chilli prášok;Korenie a bylinky;282;existujuci
vinegar;ocot;8;ocot;Omáčky a dochucovadlá;20;existujuci
prawns;krevety;8;krevet;Mäso a ryby;99;existujuci
tomato sauce;paradajková omáčka;8;paradajková omáčka;Omáčky a dochucovadlá;32;NOVY
worcestershire sauce;worcester;8;worcester;Omáčky a dochucovadlá;78;existujuci
sea salt;soľ;8;soľ;Korenie a bylinky;0;existujuci
egg white;bielok;8;bielok;Mliečne a vajcia;52;existujuci
chilli;čili;8;čili;Zelenina a ovocie;40;existujuci
white wine;víno;8;víno;Nápoje;85;existujuci
peas;hrášok;8;hrášok;Mrazené;81;existujuci
ground ginger;mletý zázvor;8;mletý zázvor;Korenie a bylinky;335;existujuci
orange;pomaranč;8;pomaranč;Zelenina a ovocie;47;existujuci
thai red curry paste;kari pasta;8;kari pasta;Omáčky a dochucovadlá;100;existujuci
spinach;špenát;8;špenát;Zelenina a ovocie;23;existujuci
vanilla;vanilka;8;vanilka;Trvanlivé a konzervy;288;existujuci
basil leaves;bazalkové listy;7;bazalkové listy;Korenie a bylinky;23;existujuci
black beans;čierna fazuľa;7;fazuľa;Trvanlivé a konzervy;110;existujuci
walnuts;vlašské orechy;7;vlašské orechy;Orechy a semená;654;existujuci
cumin seeds;rasca;7;rasca;Korenie a bylinky;375;existujuci
tomato ketchup;kečup;7;kečup;Omáčky a dochucovadlá;100;existujuci
chilli flakes;čili vločky;7;čili vločky;Korenie a bylinky;318;existujuci
black olives;čierne olivy;7;olivy;Trvanlivé a konzervy;145;existujuci
peanut butter;arašidové maslo;7;arašidové maslo;Pečenie a sladké;588;existujuci
red wine;víno;7;víno;Nápoje;85;existujuci
basmati rice;ryža;7;ryža;Cestoviny a ryža;360;existujuci
cloves;klinčeky;7;klinčeky;Korenie a bylinky;274;existujuci
cannellini beans;biele fazule;7;biele fazule;Trvanlivé a konzervy;127;existujuci
curry powder;kari mleté;7;kari mlet;Korenie a bylinky;325;existujuci
garam masala;garam masala;7;garam masala;Trvanlivé a konzervy;350;existujuci
cinnamon stick;škorica;7;škorica;Korenie a bylinky;247;existujuci
green olives;zelené olivy;7;zelené oliv;Trvanlivé a konzervy;145;existujuci
ground pork;mleté bravčové;7;bravčov;Mäso a ryby;242;existujuci
chives;pažítka;7;pažítka;Zelenina a ovocie;30;existujuci
courgettes;cuketa;7;cuketa;Zelenina a ovocie;17;existujuci
warm water;voda;7;voda;Ostatné;0;existujuci
baguette;bageta;7;bageta;Pečivo;270;existujuci
condensed milk;kondenzované mlieko;7;kondenzované mlieko;Trvanlivé a konzervy;321;existujuci
raspberries;maliny;6;malin;Zelenina a ovocie;52;existujuci
puff pastry;lístkové cesto;6;lístkové cesto;Mrazené;380;existujuci
rocket;rukola;6;rukol;Zelenina a ovocie;25;existujuci
raw king prawns;krevety;6;krevet;Mäso a ryby;99;existujuci
coriander leaves;koriandrová vňať;6;koriandrová vňať;Korenie a bylinky;23;existujuci
salmon;losos;6;losos;Mäso a ryby;170;existujuci
chili powder;chilli prášok;6;chilli prášok;Korenie a bylinky;282;existujuci
rapeseed oil;repkový olej;6;olej;Oleje a tuky;884;existujuci
beetroot;červená repa;6;červená repa;Zelenina a ovocie;44;existujuci
chicken stock cube;bujón;6;bujón;Omáčky a dochucovadlá;240;existujuci
minced pork;mleté bravčové;6;bravčov;Mäso a ryby;242;existujuci
smoked paprika;údená paprika;6;údená paprika;Korenie a bylinky;282;existujuci
banana;banán;6;banán;Zelenina a ovocie;89;existujuci
vegetable stock cube;bujón;6;bujón;Omáčky a dochucovadlá;240;existujuci
coconut;kokos;6;kokos;Pečenie a sladké;660;existujuci
jalapeno;jalapeño;6;jalapeño;Zelenina a ovocie;29;existujuci
kidney beans;fazuľa;6;fazuľa;Trvanlivé a konzervy;110;existujuci
peanuts;arašidy;6;arašid;Orechy a semená;567;existujuci
strawberries;jahody;5;jahody;Zelenina a ovocie;32;existujuci
ground nutmeg;muškátový oriešok;5;muškátový oriešok;Korenie a bylinky;525;existujuci
lime juice;limetka;5;limetk;Zelenina a ovocie;30;existujuci
bean sprouts;klíčky;5;klíčky;Zelenina a ovocie;30;existujuci
ground coriander;koriander;5;koriander;Korenie a bylinky;23;existujuci
beef brisket;hovädzie;5;hovädzie;Mäso a ryby;250;existujuci
red pepper flakes;čili vločky;5;čili vločky;Korenie a bylinky;318;existujuci
lard;masť;5;masť;Oleje a tuky;900;existujuci
broccoli;brokolica;5;brokolica;Zelenina a ovocie;34;existujuci
marjoram;majoránka;5;majoránk;Korenie a bylinky;271;existujuci
cheddar cheese;čedar;5;čedar;Mliečne a vajcia;400;existujuci
balsamic vinegar;balzamikový ocot;5;ocot;Omáčky a dochucovadlá;20;existujuci
apple cider vinegar;jablčný ocot;5;jablčný ocot;Omáčky a dochucovadlá;22;existujuci
lemons;citrón;5;citrón;Zelenina a ovocie;29;existujuci
dry white wine;víno;5;víno;Nápoje;85;existujuci
jasmine rice;jazmínová ryža;5;jazmínová ryža;Cestoviny a ryža;360;existujuci
granulated sugar;cukor;5;cukor;Pečenie a sladké;400;existujuci
shortening;hera;5;hera;Oleje a tuky;900;existujuci
ham;šunka;5;šunka;Mäso a ryby;145;existujuci
chickpeas;cícer;5;cícer;Trvanlivé a konzervy;139;existujuci
shortcrust pastry;krehké cesto;5;krehké cesto;Mrazené;450;NOVY
parmesan cheese;parmezán;5;parmezán;Mliečne a vajcia;400;existujuci
yellow pepper;paprika;5;paprika;Zelenina a ovocie;31;existujuci
dried mint;mäta;5;mäta;Zelenina a ovocie;44;existujuci
apples;jablko;5;jablk;Zelenina a ovocie;52;existujuci
spaghetti;spaghetti;5;spaghetti;Cestoviny a ryža;360;existujuci
strong white bread flour;chlebová múka;5;múka;Pečenie a sladké;364;existujuci
blackberries;černice;4;černic;Zelenina a ovocie;43;existujuci
sweet chilli sauce;sladká chilli omáčka;4;chilli omáčka;Omáčky a dochucovadlá;240;existujuci
clear honey;med;4;med;Pečenie a sladké;304;existujuci
celeriac;zeler;4;zeler;Zelenina a ovocie;16;existujuci
challots;šalotka;4;šalotk;Zelenina a ovocie;72;existujuci
red cabbage;červené zelie;4;červené zelie;Zelenina a ovocie;31;existujuci
caraway seed;rasca;4;rasca;Korenie a bylinky;375;existujuci
whole milk;mlieko;4;mlieko;Mliečne a vajcia;64;existujuci
cream;smotana;4;smotana;Mliečne a vajcia;250;existujuci
chicken legs;kuracie stehná;4;kuracie steh;Mäso a ryby;209;existujuci
sauerkraut;kyslá kapusta;4;kapusta;Zelenina a ovocie;25;existujuci
white cabbage;kapusta;4;kapusta;Zelenina a ovocie;25;existujuci
bicarbonate of soda;sóda bikarbóna;4;sóda bikarbóna;Pečenie a sladké;0;NOVY
swede;kvaka;4;kvaka;Zelenina a ovocie;37;NOVY
kale;kel;4;kel;Zelenina a ovocie;49;existujuci
white vinegar;ocot;4;ocot;Omáčky a dochucovadlá;20;existujuci
canola oil;repkový olej;4;olej;Oleje a tuky;884;existujuci
yogurt;jogurt;4;jogurt;Mliečne a vajcia;61;existujuci
ground cardomom;kardamóm;4;kardamóm;Korenie a bylinky;311;existujuci
semolina;krupica;4;krupica;Cestoviny a ryža;360;existujuci
dijon mustard;horčica;4;horčica;Omáčky a dochucovadlá;66;existujuci
squid;kalamáre;4;kalamáre;Mäso a ryby;92;existujuci
sage;šalvia;4;šalvia;Korenie a bylinky;315;existujuci
brown lentils;šošovica;4;šošovic;Trvanlivé a konzervy;352;existujuci
filo pastry;filo cesto;4;filo cesto;Mrazené;310;NOVY
whipping cream;šľahačka;4;šľahačka;Mliečne a vajcia;340;existujuci
butternut squash;maslová tekvica;4;maslová tekvica;Zelenina a ovocie;45;existujuci
coconut cream;kokosová smotana;4;kokosová smotana;Trvanlivé a konzervy;230;existujuci
muscovado sugar;hnedý cukor;4;hnedý cukor;Pečenie a sladké;380;existujuci
golden caster sugar;cukor;4;cukor;Pečenie a sladké;400;existujuci
instant yeast;droždie;4;droždie;Pečenie a sladké;325;existujuci
cold water;voda;4;voda;Ostatné;0;existujuci
powdered sugar;práškový cukor;4;cukor;Pečenie a sladké;400;existujuci
brandy;brandy;4;brandy;Nápoje;250;existujuci
maple syrup;javorový sirup;3;sirup;Omáčky a dochucovadlá;260;existujuci
vanilla sugar;vanilkový cukor;3;vanilkový cukor;Pečenie a sladké;390;existujuci
ground allspice;nové korenie;3;korenie;Korenie a bylinky;0;existujuci
ground turmeric;kurkuma;3;kurkuma;Korenie a bylinky;354;existujuci
white fish;biela ryba;3;biela ryba;Mäso a ryby;90;existujuci
turmeric powder;kurkuma;3;kurkuma;Korenie a bylinky;354;existujuci
red potatoes;zemiaky;3;zemiak;Zelenina a ovocie;77;existujuci
onion salt;cibuľový prášok;3;cibuľový prášok;Trvanlivé a konzervy;340;existujuci
diced tomatoes;paradajky v konzerve;3;paradajky v konzerve;Trvanlivé a konzervy;20;NOVY
pork shoulder;bravčové plece;3;bravčov;Mäso a ryby;242;existujuci
soya bean;sójové bôby;3;sójové bôby;Zelenina a ovocie;141;NOVY
celery salt;soľ;3;soľ;Korenie a bylinky;0;existujuci
sake;sake;3;sake;Nápoje;134;NOVY
chicken wings;kuracie krídla;3;kura;Mäso a ryby;239;existujuci
lamb loin chops;jahňacie kotlety;3;jahňacie;Mäso a ryby;258;NOVY
pork chops;bravčové kotlety;3;bravčov;Mäso a ryby;242;existujuci
codfish bulljaw;treska;3;treska;Mäso a ryby;82;NOVY
freshly chopped parsley;petržlenová vňať;3;petržlen;Zelenina a ovocie;36;existujuci
lamb shoulder;jahňacie plece;3;jahňacie;Mäso a ryby;258;NOVY
ground black pepper;čierne korenie;3;korenie;Korenie a bylinky;0;existujuci
butter beans;maslová fazuľa;3;fazuľa;Trvanlivé a konzervy;110;existujuci
pita bread;pita;3;pita;Pečivo;275;existujuci
fish stock;rybí vývar;3;vývar;Ostatné;4;existujuci
turnips;repa;3;repa;Zelenina a ovocie;43;existujuci
capers;kaparky;3;kaparky;Trvanlivé a konzervy;23;existujuci
oats;ovsené vločky;3;ovsené vloč;Cestoviny a ryža;389;existujuci
chopped onion;cibuľa;3;cibuľa;Zelenina a ovocie;40;existujuci
sushi rice;ryža;3;ryža;Cestoviny a ryža;360;existujuci
squash;tekvica;3;tekvica;Zelenina a ovocie;26;NOVY
macaroni;cestoviny;3;cestoviny;Cestoviny a ryža;360;existujuci
boiling water;voda;3;voda;Ostatné;0;existujuci
king prawns;krevety;3;krevet;Mäso a ryby;99;existujuci
roasted peanut;arašidy;3;arašid;Orechy a semená;567;existujuci
dried white beans;biele fazule;3;biele fazule;Trvanlivé a konzervy;127;existujuci
sichuan pepper;sečuánske korenie;3;sečuánske korenie;Korenie a bylinky;320;existujuci
tuna;tuniak;3;tuniak;Mäso a ryby;116;existujuci
peanut oil;arašidový olej;3;arašidový olej;Oleje a tuky;884;NOVY
fennel seeds;feniklové semienka;3;feniklové semien;Korenie a bylinky;345;existujuci
pine nuts;píniové oriešky;3;píniové oriešky;Orechy a semená;673;existujuci
red chilli flakes;čili vločky;3;čili vločky;Korenie a bylinky;318;existujuci
ricotta;ricotta;3;ricott;Mliečne a vajcia;174;existujuci
lentils;šošovica;3;šošovic;Trvanlivé a konzervy;352;existujuci
thai green curry paste;kari pasta;3;kari pasta;Omáčky a dochucovadlá;100;existujuci
cornmeal;kukuričná múka;3;kukuričn;Cestoviny a ryža;357;existujuci
tapioca;tapioka;3;tapioka;Trvanlivé a konzervy;358;NOVY
breadfruit;chlebovníkový plod;3;chlebovníkový plod;Zelenina a ovocie;103;NOVY
desiccated coconut;kokos strúhaný;3;kokos strúh;Pečenie a sladké;660;existujuci
plantain;plantain;3;plantain;Zelenina a ovocie;122;NOVY
pecan nuts;pekanové orechy;3;pekanové;Orechy a semená;691;existujuci
cocoa powder;kakao;3;kakao;Pečenie a sladké;228;existujuci
dried fruit;sušené ovocie;3;sušené ovocie;Trvanlivé a konzervy;300;existujuci
black pudding;krvavnica;2;krvavnica;Mäso a ryby;379;NOVY
clotted cream;clotted cream;2;clotted cream;Mliečne a vajcia;586;NOVY
red curry paste;kari pasta;2;kari pasta;Omáčky a dochucovadlá;100;existujuci
banana leaves;banánové listy;2;banán;Zelenina a ovocie;89;existujuci
fish fillet;biela ryba;2;biela ryba;Mäso a ryby;90;existujuci
hummus;hummus;2;hummus;Trvanlivé a konzervy;166;existujuci
goats cheese;kozí syr;2;syr;Mliečne a vajcia;350;existujuci
naan bread;naan;2;naan;Pečivo;310;existujuci
hot chilli powder;chilli prášok;2;chilli prášok;Korenie a bylinky;282;existujuci
natural yoghurt;jogurt;2;jogurt;Mliečne a vajcia;61;existujuci
barbeque sauce;barbecue;2;barbecue;Omáčky a dochucovadlá;160;existujuci
coconut oil;kokosový olej;2;kokosový olej;Oleje a tuky;862;existujuci
fennel;fenikel;2;fenikel;Trvanlivé a konzervy;345;existujuci
daikon radish;reďkev;2;reďkev;Zelenina a ovocie;16;existujuci
goose fat;husacia masť;2;husacia masť;Trvanlivé a konzervy;900;existujuci
sirloin steak;roštenka;2;roštenka;Mäso a ryby;250;existujuci
beer;pivo;2;pivo;Nápoje;43;existujuci
savoy cabbage;kel;2;kel;Zelenina a ovocie;49;existujuci
dill pickles;nakladané uhorky;2;nakladané uhorky;Trvanlivé a konzervy;12;existujuci
sesame seed burger buns;žemľa;2;žemľa;Pečivo;280;existujuci
peppercorns;čierne korenie;2;korenie;Korenie a bylinky;0;existujuci
prunes;sušené slivky;2;sušené slivky;Zelenina a ovocie;240;existujuci
pork back ribs;bravčové rebrá;2;bravčov;Mäso a ryby;242;existujuci
dried apricots;sušené marhule;2;marhule;Zelenina a ovocie;48;existujuci
pickle juice;nálev z uhoriek;2;nálev z uhoriek;Trvanlivé a konzervy;5;NOVY
chinese five spice powder;päťkorenie;2;korenie;Korenie a bylinky;0;existujuci
ginger paste;zázvor;2;zázvor;Zelenina a ovocie;80;existujuci
chicken liver;kuracia pečeň;2;kuracia pečeň;Mäso a ryby;119;existujuci
passata;pasírované paradajky;2;paradajk;Zelenina a ovocie;18;existujuci
quinoa;quinoa;2;quinoa;Cestoviny a ryža;368;existujuci
orange juice;pomarančový džús;2;pomarančový džús;Nápoje;45;existujuci
new potatoes;zemiaky;2;zemiak;Zelenina a ovocie;77;existujuci
ground clove;klinčeky;2;klinčeky;Korenie a bylinky;274;existujuci
russet potato;zemiaky;2;zemiak;Zelenina a ovocie;77;existujuci
conchs;morský slimák;2;morský slimák;Mäso a ryby;130;NOVY
corned beef;hovädzie;2;hovädzie;Mäso a ryby;250;existujuci
small potatoes;zemiaky;2;zemiak;Zelenina a ovocie;77;existujuci
garlic sauce;cesnaková omáčka;2;cesnak;Zelenina a ovocie;149;existujuci
shredded mexican cheese;syr;2;syr;Mliečne a vajcia;350;existujuci
swiss cheese;ementál;2;ementál;Mliečne a vajcia;380;existujuci
fennel bulb;fenikel;2;fenikel;Trvanlivé a konzervy;345;existujuci
ghee;ghí;2;ghí;Oleje a tuky;900;existujuci
duck legs;kačacie;2;kačacie;Mäso a ryby;337;NOVY
sweet smoked paprika;údená paprika;2;údená paprika;Korenie a bylinky;282;existujuci
summer savoury;saturejka;2;saturejka;Korenie a bylinky;270;existujuci
noodles;rezance;2;rezance;Cestoviny a ryža;370;existujuci
cassava;maniok;2;maniok;Zelenina a ovocie;160;NOVY
red pepper paste;paprikový pretlak;2;paprik;Zelenina a ovocie;31;existujuci
broad beans;bôb;2;bôb;Zelenina a ovocie;88;existujuci
minced garlic;cesnak;2;cesnak;Zelenina a ovocie;149;existujuci
duck sauce;slivková omáčka;2;slivk;Zelenina a ovocie;46;existujuci
starch;škrob;2;škrob;Pečenie a sladké;381;existujuci
tahini paste;tahini;2;tahin;Omáčky a dochucovadlá;595;existujuci
sardines;sardinky;2;sardink;Mäso a ryby;208;existujuci
corn on the cob;kukurica;2;kukurica;Zelenina a ovocie;86;existujuci
jamón ibérico;prosciutto;2;prosciutto;Mäso a ryby;240;existujuci
tofu;tofu;2;tofu;Trvanlivé a konzervy;144;existujuci
mirin;mirin;2;mirin;Trvanlivé a konzervy;230;existujuci
gouda cheese;gouda;2;gouda;Mliečne a vajcia;356;existujuci
rice flour;ryžová múka;2;múka;Pečenie a sladké;364;existujuci
water chestnut;vodný gaštan;2;vodný gaštan;Trvanlivé a konzervy;97;NOVY
lemongrass stalks;citrónová tráva;2;citrón;Zelenina a ovocie;29;existujuci
lasagne sheets;lasagne plát;2;lasagne plát;Cestoviny a ryža;355;existujuci
mincemeat;mincemeat náplň;2;mincemeat náplň;Pečenie a sladké;274;NOVY
napa cabbage;čínska kapusta;2;kapusta;Zelenina a ovocie;25;existujuci
cilantro leaves;koriandrová vňať;2;koriandrová vňať;Korenie a bylinky;23;existujuci
lemon zest;citrónová kôra;2;citrónová kôra;Korenie a bylinky;335;existujuci
flank steak;hovädzie;2;hovädzie;Mäso a ryby;250;existujuci
cider vinegar;jablčný ocot;2;jablčný ocot;Omáčky a dochucovadlá;22;existujuci
pecorino;pecorino;2;pecorino;Mliečne a vajcia;390;existujuci
bramley apples;jablko;2;jablk;Zelenina a ovocie;52;existujuci
asparagus;špargľa;2;šparg;Zelenina a ovocie;20;existujuci
bamboo shoot;bambusové výhonky;2;bambusové výhonky;Trvanlivé a konzervy;20;NOVY
hispi (sweetheart) cabbage;kapusta;2;kapusta;Zelenina a ovocie;25;existujuci
vermicelli pasta;rezance;2;rezance;Cestoviny a ryža;370;existujuci
vermicelli rice noodles;ryžové rezance;2;rezance;Cestoviny a ryža;370;existujuci
zucchini;cuketa;2;cuketa;Zelenina a ovocie;17;existujuci
cocoa;kakao;2;kakao;Pečenie a sladké;228;existujuci
jersey royal potatoes;zemiaky;2;zemiak;Zelenina a ovocie;77;existujuci
roasted pepper;paprika;2;paprika;Zelenina a ovocie;31;existujuci
linguine pasta;linguine;2;linguine;Cestoviny a ryža;360;existujuci
brown rice noodle;ryžové rezance;2;rezance;Cestoviny a ryža;370;existujuci
chicken drumsticks;kuracie stehná;2;kuracie steh;Mäso a ryby;209;existujuci
tahini;tahini;2;tahin;Omáčky a dochucovadlá;595;existujuci
sweet potatoes;batát;2;batát;Zelenina a ovocie;90;existujuci
brown rice;hnedá ryža;2;hnedá ryža;Cestoviny a ryža;360;existujuci
stir-fry vegetables;zeleninová zmes;2;zeleninová zmes;Zelenina a ovocie;40;existujuci
frozen peas;hrášok;2;hrášok;Mrazené;81;existujuci
lime leaves;kaffir listy;2;kaffir listy;Trvanlivé a konzervy;90;existujuci
pork tenderloin;bravčová panenka;2;bravčov;Mäso a ryby;242;existujuci
pak choi;pak choi;2;pak choi;Zelenina a ovocie;13;NOVY
apricot jam;džem;2;džem;Pečenie a sladké;250;existujuci
fast action yeast;droždie;2;droždie;Pečenie a sladké;325;existujuci
salted butter;maslo;2;maslo;Mliečne a vajcia;717;existujuci
radish;reďkovka;2;reďkovk;Zelenina a ovocie;16;existujuci
evaporated milk;kondenzované mlieko;2;kondenzované mlieko;Trvanlivé a konzervy;321;existujuci
buckwheat;pohánka;2;pohánk;Cestoviny a ryža;343;existujuci
poppy seeds;mak;2;mak;Orechy a semená;525;existujuci
dark beer;pivo;2;pivo;Nápoje;43;existujuci
rye flour;ražná múka;2;múka;Pečenie a sladké;364;existujuci
buttermilk;podmaslie;2;podmasl;Mliečne a vajcia;40;existujuci
mango;mango;2;mango;Zelenina a ovocie;60;existujuci
figs;figy;2;figy;Zelenina a ovocie;249;existujuci
raspberry jam;džem;2;džem;Pečenie a sladké;250;existujuci
almond extract;mandľová aróma;2;mandľová aróma;Pečenie a sladké;300;existujuci
ground almonds;mandle;2;mandle;Orechy a semená;579;existujuci
chocolate chips;čokoláda;2;čokoláda;Pečenie a sladké;534;existujuci
dark brown soft sugar;hnedý cukor;2;hnedý cukor;Pečenie a sladké;380;existujuci
light brown soft sugar;hnedý cukor;2;hnedý cukor;Pečenie a sladké;380;existujuci
milk chocolate;čokoláda;2;čokoláda;Pečenie a sladké;534;existujuci
dark chocolate;čokoláda;2;čokoláda;Pečenie a sladké;534;existujuci
star anise;badián;2;badián;Trvanlivé a konzervy;337;existujuci
rhubarb;rebarbora;2;rebarbora;Zelenina a ovocie;21;NOVY
jam;džem;2;džem;Pečenie a sladké;250;existujuci
callaloo;špenát;1;špenát;Zelenina a ovocie;23;existujuci
buckwheat flour;pohánková múka;1;pohánkov;Cestoviny a ryža;343;existujuci
baked beans;fazuľa v paradajkovej omáčke;1;paradajk;Zelenina a ovocie;18;existujuci
grits;kukuričná krupica;1;kukuričn;Cestoviny a ryža;357;existujuci
fine yellow cornmeal;kukuričná múka;1;kukuričn;Cestoviny a ryža;357;existujuci
sweetened condensed milk;kondenzované mlieko;1;kondenzované mlieko;Trvanlivé a konzervy;321;existujuci
ground oats;ovsené vločky;1;ovsené vloč;Cestoviny a ryža;389;existujuci
sugar syrup;cukrový sirup;1;cukrový sirup;Pečenie a sladké;260;existujuci
full fat sour cream;kyslá smotana;1;smotana;Mliečne a vajcia;250;existujuci
smoked salmon;losos;1;losos;Mäso a ryby;170;existujuci
english muffins;anglický muffin;1;anglický muffin;Pečivo;235;existujuci
white cornmeal;kukuričná múka;1;kukuričn;Cestoviny a ryža;357;existujuci
liquid cheese;tavený syr;1;tavený syr;Mliečne a vajcia;290;existujuci
brussels sprouts;ružičkový kel;1;kel;Zelenina a ovocie;49;existujuci
buns;žemľa;1;žemľa;Pečivo;280;existujuci
raw tiger prawns;krevety;1;krevet;Mäso a ryby;99;existujuci
black eyed peas;fazuľa;1;fazuľa;Trvanlivé a konzervy;110;existujuci
achiote seeds;achiote;1;achiote;Korenie a bylinky;300;NOVY
habanero pepper;čili;1;čili;Zelenina a ovocie;40;existujuci
kaffir lime leaves;kaffir listy;1;kaffir listy;Trvanlivé a konzervy;90;existujuci
pico de gallo sauce;salsa;1;salsa;Omáčky a dochucovadlá;36;existujuci
corn arepa filled with mozarella cheese;kukuričná múka;1;kukuričn;Cestoviny a ryža;357;existujuci
fried ripe bananas;banán;1;banán;Zelenina a ovocie;89;existujuci
shredded meat;mäso;1;mäso;Mäso a ryby;250;existujuci
morcilla;krvavnica;1;krvavnica;Mäso a ryby;379;NOVY
mixed beef cuts;hovädzie;1;hovädzie;Mäso a ryby;250;existujuci
couscous;kuskus;1;kuskus;Cestoviny a ryža;368;existujuci
soured cream and chive dip;kyslá smotana;1;smotana;Mliečne a vajcia;250;existujuci
lean minced steak;mleté hovädzie;1;hovädzie;Mäso a ryby;250;existujuci
cooked beetroot;červená repa;1;červená repa;Zelenina a ovocie;44;existujuci
baby new potatoes;zemiaky;1;zemiak;Zelenina a ovocie;77;existujuci
tortillas;tortilla;1;tortilla;Pečivo;310;existujuci
red chilli powder;chilli prášok;1;chilli prášok;Korenie a bylinky;282;existujuci
white bread mix;hladká múka;1;múka;Pečenie a sladké;364;existujuci
barramundi;biela ryba;1;biela ryba;Mäso a ryby;90;existujuci
beef stock concentrate;bujón;1;bujón;Omáčky a dochucovadlá;240;existujuci
chestnut mushroom;šampiňóny;1;šampiňóny;Zelenina a ovocie;22;existujuci
bouquet garni;bylinkový zväzok;1;bylinkový zväzok;Korenie a bylinky;30;existujuci
beef shin;hovädzie;1;hovädzie;Mäso a ryby;250;existujuci
chimichurri sauce;chimichurri;1;chimichurri;Omáčky a dochucovadlá;210;existujuci
egg wash;vajcia;1;vajc;Mliečne a vajcia;155;existujuci
stout;pivo;1;pivo;Nápoje;43;existujuci
oysters;ustrice;1;ustrice;Mäso a ryby;68;NOVY
pumpkin puree;tekvica;1;tekvica;Zelenina a ovocie;26;NOVY
sirop de liège;sirup;1;sirup;Omáčky a dochucovadlá;260;existujuci
ginger garlic paste;zázvor;1;zázvor;Zelenina a ovocie;80;existujuci
iceberg lettuce;šalát;1;šalát;Zelenina a ovocie;15;existujuci
kielbasa;klobása;1;klobás;Mäso a ryby;300;existujuci
german sausages;klobása;1;klobás;Mäso a ryby;300;existujuci
juniper berries;borievky;1;boriev;Korenie a bylinky;255;existujuci
allspice berries;nové korenie;1;korenie;Korenie a bylinky;0;existujuci
dark brown sugar;hnedý cukor;1;hnedý cukor;Pečenie a sladké;380;existujuci
ancho chillies;chilli sušené;1;chilli suš;Korenie a bylinky;282;existujuci
borlotti beans;fazuľa;1;fazuľa;Trvanlivé a konzervy;110;existujuci
cooked chestnut;gaštany;1;gaštan;Orechy a semená;196;NOVY
cabbage leaves;kapusta;1;kapusta;Zelenina a ovocie;25;existujuci
cranberry;brusnice;1;brusnic;Zelenina a ovocie;46;existujuci
alinos sauce;salsa;1;salsa;Omáčky a dochucovadlá;36;existujuci
cajun;cajun;1;cajun;Korenie a bylinky;250;existujuci
little gem lettuce;little gem;1;little gem;Zelenina a ovocie;15;existujuci
flour tortilla;tortilla;1;tortilla;Pečivo;310;existujuci
salsa;salsa;1;salsa;Omáčky a dochucovadlá;36;existujuci
morning glory;špenát;1;špenát;Zelenina a ovocie;23;existujuci
canned beans;fazuľa;1;fazuľa;Trvanlivé a konzervy;110;existujuci
casabe;maniok;1;maniok;Zelenina a ovocie;160;NOVY
turkey ham;šunka;1;šunka;Mäso a ryby;145;existujuci
mustard powder;horčica v prášku;1;horčica v prášku;Korenie a bylinky;508;existujuci
sun-dried tomatoes;sušené paradajky;1;sušené paradajky;Trvanlivé a konzervy;258;existujuci
ginger cordial;sirup;1;sirup;Omáčky a dochucovadlá;260;existujuci
enchilada sauce;salsa;1;salsa;Omáčky a dochucovadlá;36;existujuci
corn tortillas;tortilla;1;tortilla;Pečivo;310;existujuci
shredded monterey jack cheese;syr;1;syr;Mliečne a vajcia;350;existujuci
fenugreek;senovka;1;senovka;Trvanlivé a konzervy;323;existujuci
coriander seeds;koriandrové semienka;1;koriandrové semien;Korenie a bylinky;298;existujuci
potato starch;škrob;1;škrob;Pečenie a sladké;381;existujuci
sherry;sherry;1;sherry;Alkohol;120;existujuci
ground mustard;horčica v prášku;1;horčica v prášku;Korenie a bylinky;508;existujuci
chicken bouillon powder;bujón;1;bujón;Omáčky a dochucovadlá;240;existujuci
crusty bread;chlieb;1;chlieb;Pečivo;250;existujuci
dried leaves of summer savoury;saturejka;1;saturejka;Korenie a bylinky;270;existujuci
cider;cider;1;cider;Nápoje;47;NOVY
seasoning;čierne korenie;1;korenie;Korenie a bylinky;0;existujuci
cottage cheese;cottage;1;cottage;Mliečne a vajcia;98;existujuci
tempura flour;hladká múka;1;múka;Pečenie a sladké;364;existujuci
green salsa;salsa;1;salsa;Omáčky a dochucovadlá;36;existujuci
vinaigrette dressing;vinaigrette;1;vinaigrette;Omáčky a dochucovadlá;340;NOVY
grape tomatoes;paradajky;1;paradajk;Zelenina a ovocie;18;existujuci
hard taco shells;tortilla;1;tortilla;Pečivo;310;existujuci
refried beans;fazuľa;1;fazuľa;Trvanlivé a konzervy;110;existujuci
cuban bread;chlieb;1;chlieb;Pečivo;250;existujuci
deli ham;šunka;1;šunka;Mäso a ryby;145;existujuci
mature cheddar;čedar;1;čedar;Mliečne a vajcia;400;existujuci
beef stock cubes;bujón;1;bujón;Omáčky a dochucovadlá;240;existujuci
feather blade beef;hovädzie;1;hovädzie;Mäso a ryby;250;existujuci
toor dal;šošovica;1;šošovic;Trvanlivé a konzervy;352;existujuci
mustard seeds;horčicové semienka;1;horčicové semienka;Korenie a bylinky;508;existujuci
pul biber;čili vločky;1;čili vločky;Korenie a bylinky;318;existujuci
romano pepper;paprika;1;paprika;Zelenina a ovocie;31;existujuci
sumac;sumak;1;sumak;Korenie a bylinky;315;existujuci
pomegranate molasses;granátový sirup;1;sirup;Omáčky a dochucovadlá;260;existujuci
cod;treska;1;treska;Mäso a ryby;82;NOVY
haddock;treska;1;treska;Mäso a ryby;82;NOVY
floury potatoes;zemiaky;1;zemiak;Zelenina a ovocie;77;existujuci
french lentils;šošovica;1;šošovic;Trvanlivé a konzervy;352;existujuci
frogs legs;žabie stehienka;1;žabie stehienka;Mäso a ryby;73;NOVY
salsa lizano;salsa;1;salsa;Omáčky a dochucovadlá;36;existujuci
cubed feta cheese;feta;1;feta;Mliečne a vajcia;264;existujuci
gochujang;gochujang;1;gochujang;Trvanlivé a konzervy;210;existujuci
chopped parsley;petržlenová vňať;1;petržlen;Zelenina a ovocie;36;existujuci
wood ear mushrooms;sušené huby;1;sušené hub;Trvanlivé a konzervy;284;existujuci
whole wheat;celozrnná múka;1;celozrn;Pečivo;245;existujuci
charlotte potatoes;zemiaky;1;zemiak;Zelenina a ovocie;77;existujuci
fresh thyme;tymian;1;tymian;Korenie a bylinky;101;existujuci
manchego;manchego;1;manchego;Mliečne a vajcia;393;NOVY
wild garlic leaves;medvedí cesnak;1;cesnak;Zelenina a ovocie;149;existujuci
yellow split peas;hrach;1;hrach;Trvanlivé a konzervy;81;existujuci
ras el hanout;ras el hanout;1;ras el hanout;Korenie a bylinky;330;NOVY
doner meat;mäso;1;mäso;Mäso a ryby;250;existujuci
fries;zemiaky;1;zemiak;Zelenina a ovocie;77;existujuci
sirloin steak tips;roštenka;1;roštenka;Mäso a ryby;250;existujuci
pork belly slices;bravčový bôčik;1;bravčový bôčik;Mäso a ryby;518;existujuci
hot mint;mäta;1;mäta;Zelenina a ovocie;44;existujuci
sour pork sausage;klobása;1;klobás;Mäso a ryby;300;existujuci
pickled garlics;cesnak;1;cesnak;Zelenina a ovocie;149;existujuci
vegetables;zeleninová zmes;1;zeleninová zmes;Zelenina a ovocie;40;existujuci
five spice powder;päťkorenie;1;korenie;Korenie a bylinky;0;existujuci
dried white corn;kukurica;1;kukurica;Zelenina a ovocie;86;existujuci
fermented black beans;fazuľová pasta;1;fazuľová pasta;Omáčky a dochucovadlá;180;existujuci
doubanjiang;doubanjiang;1;doubanjiang;Trvanlivé a konzervy;90;existujuci
beef flank steak;hovädzie;1;hovädzie;Mäso a ryby;250;existujuci
paneer;paneer;1;paneer;Mliečne a vajcia;265;existujuci
goat meat;kozie mäso;1;mäso;Mäso a ryby;250;existujuci
mozzarella balls;mozzarella;1;mozzarella;Mliečne a vajcia;280;existujuci
fresh basil;bazalka;1;bazalka;Korenie a bylinky;23;existujuci
baby plum tomatoes;paradajky;1;paradajk;Zelenina a ovocie;18;existujuci
farfalle;cestoviny;1;cestoviny;Cestoviny a ryža;360;existujuci
beef cutlet;hovädzie;1;hovädzie;Mäso a ryby;250;existujuci
ready rolled shortcrust pastry;krehké cesto;1;krehké cesto;Mrazené;450;NOVY
chopped chive;pažítka;1;pažítka;Zelenina a ovocie;30;existujuci
mulukhiyah;špenát;1;špenát;Zelenina a ovocie;23;existujuci
chestnuts;gaštany;1;gaštan;Orechy a semená;196;NOVY
wild mushrooms;sušené hríby;1;sušené hríby;Trvanlivé a konzervy;280;existujuci
truffle oil;olej;1;olej;Oleje a tuky;884;existujuci
dried shrimp;krevety;1;krevet;Mäso a ryby;99;existujuci
sriracha;sriracha;1;sriracha;Omáčky a dochucovadlá;93;existujuci
rye bread;ražný chlieb;1;ražný chlieb;Pečivo;259;NOVY
orange zest;pomaranč;1;pomaranč;Zelenina a ovocie;47;existujuci
veal;teľacie;1;teľacie;Mäso a ryby;172;NOVY
padron peppers;paprika;1;paprika;Zelenina a ovocie;31;existujuci
hake;biela ryba;1;biela ryba;Mäso a ryby;90;existujuci
green papaya;papája;1;papája;Zelenina a ovocie;43;NOVY
panquehue cheese;syr;1;syr;Mliečne a vajcia;350;existujuci
creamed corn;kukurica;1;kukurica;Zelenina a ovocie;86;existujuci
mixed peppers;paprika;1;paprika;Zelenina a ovocie;31;existujuci
achiote paste;achiote;1;achiote;Korenie a bylinky;300;NOVY
pomegranate;granátové jablko;1;jablk;Zelenina a ovocie;52;existujuci
baby lettuce leaves;šalátové listy;1;šalát;Zelenina a ovocie;15;existujuci
white sauerkraut;kyslá kapusta;1;kapusta;Zelenina a ovocie;25;existujuci
haricot beans;biele fazule;1;biele fazule;Trvanlivé a konzervy;127;existujuci
lima beans;fazuľa;1;fazuľa;Trvanlivé a konzervy;110;existujuci
banana pepper;paprika;1;paprika;Zelenina a ovocie;31;existujuci
great northern beans;biele fazule;1;biele fazule;Trvanlivé a konzervy;127;existujuci
beef fillet;hovädzie;1;hovädzie;Mäso a ryby;250;existujuci
ciabatta;ciabatta;1;ciabatta;Pečivo;271;existujuci
cheese curds;syr;1;syr;Mliečne a vajcia;350;existujuci
beef gravy;hovädzí vývar;1;vývar;Ostatné;4;existujuci
prahok;prahok;1;prahok;Omáčky a dochucovadlá;120;NOVY
shelled hazelnuts;lieskovce;1;lieskov;Orechy a semená;628;existujuci
tiger prawns;krevety;1;krevet;Mäso a ryby;99;existujuci
chilli sauce;chilli omáčka;1;chilli omáčka;Omáčky a dochucovadlá;240;existujuci
pork knuckle;bravčové koleno;1;bravčov;Mäso a ryby;242;existujuci
bouillon cubes;bujón;1;bujón;Omáčky a dochucovadlá;240;existujuci
mackerel;makrela;1;mak;Orechy a semená;525;existujuci
tamarind ball;tamarindová pasta;1;tamarindová pasta;Omáčky a dochucovadlá;240;existujuci
wholegrain bread;celozrnný chlieb;1;celozrnný chlieb;Pečivo;240;existujuci
canned tomatoes;paradajky v konzerve;1;paradajky v konzerve;Trvanlivé a konzervy;20;NOVY
anchovy fillet;ančovičky;1;ančovič;Mäso a ryby;210;existujuci
pitted black olives;olivy;1;olivy;Trvanlivé a konzervy;145;existujuci
smoky paprika;údená paprika;1;údená paprika;Korenie a bylinky;282;existujuci
italian fennel sausages;klobása;1;klobás;Mäso a ryby;300;existujuci
rigatoni;cestoviny;1;cestoviny;Cestoviny a ryža;360;existujuci
pimento stuffed olives;olivy;1;olivy;Trvanlivé a konzervy;145;existujuci
kabanos sausages;klobása;1;klobás;Mäso a ryby;300;existujuci
petit pois;hrášok;1;hrášok;Mrazené;81;existujuci
szechuan peppercorns;sečuánske korenie;1;sečuánske korenie;Korenie a bylinky;320;existujuci
sea bass fillets;biela ryba;1;biela ryba;Mäso a ryby;90;existujuci
baby squid;kalamáre;1;kalamáre;Mäso a ryby;92;existujuci
saffron;šafran;1;šafran;Trvanlivé a konzervy;310;existujuci
monkfish;biela ryba;1;biela ryba;Mäso a ryby;90;existujuci
mussels;mušle;1;mušl;Mäso a ryby;90;existujuci
frozen seafood mix;morské plody;1;morské plody;Mrazené;85;NOVY
chuck roast;hovädzie;1;hovädzie;Mäso a ryby;250;existujuci
chilli bean paste;doubanjiang;1;doubanjiang;Trvanlivé a konzervy;90;existujuci
dried chillies;chilli sušené;1;chilli suš;Korenie a bylinky;282;existujuci
chinese long beans;fazuľové struky;1;fazuľov;Zelenina a ovocie;30;existujuci
chinese sesame sauce;tahini;1;tahin;Omáčky a dochucovadlá;595;existujuci
silken tofu;tofu;1;tofu;Trvanlivé a konzervy;144;existujuci
seasoned rice vinegar;ryžový ocot;1;ocot;Omáčky a dochucovadlá;20;existujuci
shrimp;krevety;1;krevet;Mäso a ryby;99;existujuci
herring;sleď;1;sleď;Mäso a ryby;160;existujuci
grapefruit;grep;1;grep;Zelenina a ovocie;42;existujuci
cashews;kešu;1;kešu;Orechy a semená;553;existujuci
smoky aïoli;majonéza;1;majonéza;Omáčky a dochucovadlá;680;existujuci
hot beef stock;hovädzí vývar;1;vývar;Ostatné;4;existujuci
lean minced beef;mleté hovädzie;1;hovädzie;Mäso a ryby;250;existujuci
vine tomatoes;paradajky;1;paradajk;Zelenina a ovocie;18;existujuci
pinto beans;fazuľa;1;fazuľa;Trvanlivé a konzervy;110;existujuci
serrano ham;prosciutto;1;prosciutto;Mäso a ryby;240;existujuci
hot smoked paprika;údená paprika;1;údená paprika;Korenie a bylinky;282;existujuci
garlic bulb;cesnak;1;cesnak;Zelenina a ovocie;149;existujuci
penne rigate;penne;1;penne;Cestoviny a ryža;348;existujuci
parmigiano-reggiano;parmezán;1;parmezán;Mliečne a vajcia;400;existujuci
italian seasoning;bylinky;1;bylinky;Korenie a bylinky;40;existujuci
mascarpone;mascarpone;1;mascarpone;Mliečne a vajcia;430;existujuci
can of chickpeas;cícer;1;cícer;Trvanlivé a konzervy;139;existujuci
fillet of steak;hovädzie;1;hovädzie;Mäso a ryby;250;existujuci
chinese cabbage;čínska kapusta;1;kapusta;Zelenina a ovocie;25;existujuci
lamb kidney;jahňacie;1;jahňacie;Mäso a ryby;258;NOVY
rice wine;shaoxing;1;shaoxing;Omáčky a dochucovadlá;100;existujuci
pineapple juice;ananás;1;ananás;Zelenina a ovocie;50;existujuci
pineapple chunks;ananás;1;ananás;Zelenina a ovocie;50;existujuci
parsnips;paštrnák;1;paštrnák;Zelenina a ovocie;75;NOVY
wholegrain mustard;horčica;1;horčica;Omáčky a dochucovadlá;66;existujuci
thai fish sauce;rybia omáčka;1;rybia omáčka;Omáčky a dochucovadlá;35;existujuci
egg noodles;rezance;1;rezance;Cestoviny a ryža;370;existujuci
chinese leaf;čínska kapusta;1;kapusta;Zelenina a ovocie;25;existujuci
udon noodles;rezance;1;rezance;Cestoviny a ryža;370;existujuci
raw frozen prawns;krevety;1;krevet;Mäso a ryby;99;existujuci
lemongrass;citrónová tráva;1;citrón;Zelenina a ovocie;29;existujuci
baby pak koi;pak choi;1;pak choi;Zelenina a ovocie;13;NOVY
trout;pstruh;1;pstruh;Mäso a ryby;119;NOVY
smoked ham;šunka;1;šunka;Mäso a ryby;145;existujuci
horseradish;chren;1;chren;Zelenina a ovocie;48;existujuci
marinated tofu;tofu;1;tofu;Trvanlivé a konzervy;144;existujuci
hoisin sauce;hoisin omáčka;1;hoisin omáčka;Trvanlivé a konzervy;220;existujuci
cashew nuts;kešu;1;kešu;Orechy a semená;553;existujuci
turkey;morčacie;1;morčac;Mäso a ryby;135;existujuci
turkey mince;morčacie;1;morčac;Mäso a ryby;135;existujuci
vegan butter;margarín;1;margarín;Oleje a tuky;720;existujuci
soya milk;sójové mlieko;1;sójové mlieko;Mliečne a vajcia;39;existujuci
green red lentils;šošovica;1;šošovic;Trvanlivé a konzervy;352;existujuci
vegan white wine vinegar;vínny ocot;1;ocot;Omáčky a dochucovadlá;20;existujuci
tempeh;tempeh;1;tempeh;Trvanlivé a konzervy;195;existujuci
raw vegetables;zeleninová zmes;1;zeleninová zmes;Zelenina a ovocie;40;existujuci
mixed grain;müsli;1;müsli;Trvanlivé a konzervy;380;existujuci
roasted vegetables;zeleninová zmes;1;zeleninová zmes;Zelenina a ovocie;40;existujuci
toast;toastový chlieb;1;toastový chlieb;Pečivo;265;existujuci
garlic granules;cesnakový prášok;1;cesnakový prášok;Trvanlivé a konzervy;331;existujuci
yautia;yautia;1;yautia;Zelenina a ovocie;98;NOVY
hind shank;hovädzie;1;hovädzie;Mäso a ryby;250;existujuci
cassaba;maniok;1;maniok;Zelenina a ovocie;160;NOVY
white yam;yam;1;yam;Zelenina a ovocie;118;NOVY
sweet red peppers;paprika;1;paprika;Zelenina a ovocie;31;existujuci
skirty steak;hovädzie;1;hovädzie;Mäso a ryby;250;existujuci
rice vermicelli;ryžové rezance;1;rezance;Cestoviny a ryža;370;existujuci
egg rolls;wonton cesto;1;wonton cesto;Mrazené;291;NOVY
rainbow trout;pstruh;1;pstruh;Mäso a ryby;119;NOVY
bok choi;pak choi;1;pak choi;Zelenina a ovocie;13;NOVY
rice flour pancakes;ryžová múka;1;múka;Pečenie a sladké;364;existujuci
streaky bacon;slanina;1;slanin;Mäso a ryby;500;existujuci
wonton skin;wonton cesto;1;wonton cesto;Mrazené;291;NOVY
polish kabanos;klobása;1;klobás;Mäso a ryby;300;existujuci
kabse spice;čierne korenie;1;korenie;Korenie a bylinky;0;existujuci
sugar snap peas;cukrový hrášok;1;cukrový hrášok;Zelenina a ovocie;42;existujuci
fromage frais;žervé;1;žervé;Mliečne a vajcia;250;existujuci
fettuccine;fettuccine;1;fettuccine;Cestoviny a ryža;353;existujuci
ground onion;cibuľový prášok;1;cibuľový prášok;Trvanlivé a konzervy;340;existujuci
pilchards;sardinky;1;sardink;Mäso a ryby;208;existujuci
paccheri pasta;cestoviny;1;cestoviny;Cestoviny a ryža;360;existujuci
egg roll wrappers;wonton cesto;1;wonton cesto;Mrazené;291;NOVY
plum sauce;slivková omáčka;1;slivk;Zelenina a ovocie;46;existujuci
queso fresco;syr;1;syr;Mliečne a vajcia;350;existujuci
almond essence;mandľová aróma;1;mandľová aróma;Pečenie a sladké;300;existujuci
yuca;maniok;1;maniok;Zelenina a ovocie;160;NOVY
red pepper sauce;chilli omáčka;1;chilli omáčka;Omáčky a dochucovadlá;240;existujuci
brie;brie;1;brie;Mliečne a vajcia;334;NOVY
prosciutto;prosciutto;1;prosciutto;Mäso a ryby;240;existujuci
cassava flour;maniokova múka;1;maniok;Zelenina a ovocie;160;NOVY
farine;hladká múka;1;múka;Pečenie a sladké;364;existujuci
beets;červená repa;1;červená repa;Zelenina a ovocie;44;existujuci
emmentaler cheese;ementál;1;ementál;Mliečne a vajcia;380;existujuci
phyllo dough;filo cesto;1;filo cesto;Mrazené;310;NOVY
zapallo squash;tekvica;1;tekvica;Zelenina a ovocie;26;NOVY
farmers cheese;tvaroh;1;tvaroh;Mliečne a vajcia;98;existujuci
rye grain;ražné zrno;1;ražné zrno;Cestoviny a ryža;338;NOVY
seeds;slnečnicové semienka;1;slnečnicové semien;Orechy a semená;584;existujuci
chickpea flour;cícerová múka;1;cícer;Trvanlivé a konzervy;139;existujuci
strong wholemeal flour;celozrnná múka;1;celozrn;Pečivo;245;existujuci
coarse salt;soľ;1;soľ;Korenie a bylinky;0;existujuci
semolina flour;krupica;1;krupica;Cestoviny a ryža;360;existujuci
ground mahleb;čierne korenie;1;korenie;Korenie a bylinky;0;existujuci
bread flour;chlebová múka;1;múka;Pečenie a sladké;364;existujuci
glutinous rice;ryža;1;ryža;Cestoviny a ryža;360;existujuci
mung bean paste;mungo pasta;1;mungo pasta;Trvanlivé a konzervy;330;NOVY
taro;taro;1;taro;Zelenina a ovocie;112;NOVY
sticky rice flour;ryžová múka;1;múka;Pečenie a sladké;364;existujuci
longan;longan;1;longan;Zelenina a ovocie;60;NOVY
pandan leaves;pandánové listy;1;pandánové listy;Korenie a bylinky;0;NOVY
bread rolls;žemľa;1;žemľa;Pečivo;280;existujuci
runner beans;fazuľové struky;1;fazuľov;Zelenina a ovocie;30;existujuci
rye;ražné zrno;1;ražné zrno;Cestoviny a ryža;338;NOVY
yellow masarepa;kukuričná múka;1;kukuričn;Cestoviny a ryža;357;existujuci
sazon;čierne korenie;1;korenie;Korenie a bylinky;0;existujuci
white bread;chlieb;1;chlieb;Pečivo;250;existujuci
stilton cheese;gorgonzola;1;gorgonzola;Mliečne a vajcia;353;existujuci
sazon goya with azafran;čierne korenie;1;korenie;Korenie a bylinky;0;existujuci
oyster mushrooms;hlíva;1;hlíva;Zelenina a ovocie;33;existujuci
unsalted peanuts;arašidy;1;arašid;Orechy a semená;567;existujuci
ice cream;zmrzlina;1;zmrzlina;Mrazené;207;NOVY
demerara sugar;hnedý cukor;1;hnedý cukor;Pečenie a sladké;380;existujuci
braeburn apples;jablko;1;jablk;Zelenina a ovocie;52;existujuci
sour milk;acidofilné mlieko;1;acidofilné mlieko;Mliečne a vajcia;60;existujuci
ground walnuts;vlašské orechy;1;vlašské orechy;Orechy a semená;654;existujuci
free-range egg;vajcia;1;vajc;Mliečne a vajcia;155;existujuci
chilled butter;maslo;1;maslo;Mliečne a vajcia;717;existujuci
beaten;vajcia;1;vajc;Mliečne a vajcia;155;existujuci
flaked almonds;mandle;1;mandle;Orechy a semená;579;existujuci
vanilla bean paste;vanilka;1;vanilka;Trvanlivé a konzervy;288;existujuci
ground pistachios;pistácie;1;pistácie;Orechy a semená;560;existujuci
unwaxed lemon;citrón;1;citrón;Zelenina a ovocie;29;existujuci
pistachio;pistácie;1;pistácie;Orechy a semená;560;existujuci
dark rum;rum;1;rum;Nápoje;231;existujuci
tamarind pulp;tamarindová pasta;1;tamarindová pasta;Omáčky a dochucovadlá;240;existujuci
white flour;hladká múka;1;múka;Pečenie a sladké;364;existujuci
dark chocolate chips;čokoláda;1;čokoláda;Pečenie a sladké;534;existujuci
cacao;kakao;1;kakao;Pečenie a sladké;228;existujuci
mars bar;čokoládová tyčinka;1;čokoládová tyčinka;Pečenie a sladké;480;existujuci
rice krispies;müsli;1;müsli;Trvanlivé a konzervy;380;existujuci
plain chocolate;čokoláda;1;čokoláda;Pečenie a sladké;534;existujuci
unsweetened cocoa;kakao;1;kakao;Pečenie a sladké;228;existujuci
strong white flour;chlebová múka;1;múka;Pečenie a sladké;364;existujuci
candied peel;kandizovaná kôra;1;kandizovaná kôra;Pečenie a sladké;322;NOVY
ice cubes;ľad;1;ľad;Ostatné;0;existujuci
pitted dates;datle;1;datle;Zelenina a ovocie;282;existujuci
wheat flour;hladká múka;1;múka;Pečenie a sladké;364;existujuci
glace cherry;koktejlová višňa;1;koktejlová višňa;Trvanlivé a konzervy;165;existujuci
dutch stroop;sirup;1;sirup;Omáčky a dochucovadlá;260;existujuci
mixed peel;kandizovaná kôra;1;kandizovaná kôra;Pečenie a sladké;322;NOVY
currants;hrozienka;1;hrozien;Zelenina a ovocie;299;existujuci
cream of tartar;vínny kameň;1;vínny kameň;Pečenie a sladké;258;NOVY
graham cracker crumbs;sušienky;1;sušienky;Pečenie a sladké;450;existujuci
cocoy banana;banán;1;banán;Zelenina a ovocie;89;existujuci
gingerbread spice;perníkové korenie;1;korenie;Korenie a bylinky;0;existujuci
date molasses;melasa;1;melasa;Pečenie a sladké;290;existujuci
coconut flakes;kokos;1;kokos;Pečenie a sladké;660;existujuci
ground sugar;cukor;1;cukor;Pečenie a sladké;400;existujuci
raw yucca;maniok;1;maniok;Zelenina a ovocie;160;NOVY
blueberries;čučoriedky;1;čučoriedk;Zelenina a ovocie;57;existujuci
unflavoured gelatin;želatína;1;želatín;Pečenie a sladké;335;existujuci
passion fruit pulp;maracuja;1;maracuja;Zelenina a ovocie;97;NOVY
pears;hruška;1;hruška;Zelenina a ovocie;57;existujuci
malai;smotana;1;smotana;Mliečne a vajcia;250;existujuci
sevaiiya;rezance;1;rezance;Cestoviny a ryža;370;existujuci
oreo cream biscuits;oreo sušienky;1;oreo sušienky;Trvanlivé a konzervy;480;existujuci
unsalted pistachio;pistácie;1;pistácie;Orechy a semená;560;existujuci
white chocolate;čokoláda;1;čokoláda;Pečenie a sladké;534;existujuci
sweet quark;tvaroh;1;tvaroh;Mliečne a vajcia;98;existujuci
gelatine leafs;želatína;1;želatín;Pečenie a sladké;335;existujuci
miniature marshmallows;marshmallow;1;marshmallow;Pečenie a sladké;320;existujuci
saskatoon berries;čučoriedky;1;čučoriedk;Zelenina a ovocie;57;existujuci
vegetable shortening;hera;1;hera;Oleje a tuky;900;existujuci
nougatine;nugát;1;nugát;Pečenie a sladké;398;NOVY
fruit mix;sušené ovocie;1;sušené ovocie;Trvanlivé a konzervy;300;existujuci
dried cranberries;brusnice sušené;1;brusnice sušené;Zelenina a ovocie;308;existujuci
grand marnier;triple sec;1;triple sec;Alkohol;250;existujuci
redcurrants;ríbezľa;1;ríbezľ;Trvanlivé a konzervy;120;existujuci
vegetable millk;sójové mlieko;1;sójové mlieko;Mliečne a vajcia;39;existujuci
dessert rice;ryža;1;ryža;Cestoviny a ryža;360;existujuci
ground poppy seeds;mletý mak;1;mletý mak;Orechy a semená;525;existujuci
