surovina_en;surovina_sk;dostupnost_sk;nahrada;poznamka_pomer;pocet_receptov_v_themealdb
plain flour;hladká múka;bežne;—;priamy ekvivalent;74
coriander;koriander čerstvý;nie vždy;petržlenová vňať + štipka mletého koriandra;chuť sa len priblíži;69
spring onions;jarná cibuľka;bežne;—;priamy ekvivalent;69
caster sugar;krupicový cukor;bežne;—;priamy ekvivalent;64
all purpose flour;hladká múka;bežne;—;priamy ekvivalent;47
cornstarch;kukuričný škrob;bežne;—;POZOR: Solamyl je zemiakový, na omáčky OK, na pečenie nie;40
fish sauce;rybacia omáčka;ázijské obchody, väčšie Tesco/Kaufland;sójová omáčka + štipka soli;chuť nebude rovnaká, ale funguje;36
double cream;smotana 48 %;nedostupné;smotana na šľahanie 33 % + 1 PL masla na 100 ml;alebo 33 % zredukovať o štvrtinu;34
icing sugar;práškový cukor;bežne;—;priamy ekvivalent;27
shallots;šalotka;väčšie reťazce;malá cibuľa;jemnejšia chuť;26
cilantro;koriander čerstvý;nie vždy;petržlenová vňať;chuť sa len priblíži;24
sesame seed oil;sezamový olej;bežne;—;priamy ekvivalent;24
greek yogurt;grécky jogurt;bežne;biely jogurt odkvapkaný cez plátno;2 h odkvapkávania;22
sour cream;kyslá smotana;bežne;—;priamy ekvivalent;22
self-raising flour;polohrubá múka s kypriacim;nedostupné ako produkt;hladká múka + prášok do pečiva;na 150 g múky 2 ČL PDP + štipka soli;21
heavy cream;smotana 36–40 %;nedostupné;smotana na šľahanie 33 %;1:1, o niečo redšie;18
scallions;jarná cibuľka;bežne;—;priamy ekvivalent;18
scotch bonnet;scotch bonnet;nedostupné;habanero alebo čili;extrémne ostré, dávkuj opatrne;16
corn flour;kukuričný škrob;bežne;—;nie kukuričná múka na polentu;15
kosher salt;hrubá soľ;bežne;hrubozrnná morská soľ;pri objemovom meraní dávaj o tretinu menej jemnej;15
parmesan;parmezán;bežne;Grana Padano;lacnejší, mierne jemnejší;15
lamb;jahňacie;obmedzene, drahé;bravčové plece alebo hovädzie;chuť bude jemnejšia;14
rice noodles;ryžové rezance;bežne;—;priamy ekvivalent;14
tinned tomatos;paradajky v konzerve;bežne;—;priamy ekvivalent;14
granulated sugar;kryštálový cukor;bežne;—;priamy ekvivalent;13
muscovado sugar;tmavý trstinový cukor;väčšie reťazce;hnedý trstinový cukor;1:1;13
rice vinegar;ryžový ocot;väčšie reťazce;jablčný ocot zriedený vodou 3:1;menej sladký;13
aubergine;baklažán;bežne;—;priamy ekvivalent;12
chopped tomatoes;krájané paradajky v konzerve;bežne;—;priamy ekvivalent;12
creme fraiche;créme fraiche;špecializované;kyslá smotana 16 %;"1:1; kyslá smotana sa skôr zrazí, pridávaj mimo varu";12
feta;feta;bežne;balkánsky syr;lacnejší, slanší;12
saffron;šafran;drahý, v malých baleniach;kurkuma na farbu + štipka šafranu;kurkuma nedá arómu;12
condensed milk;kondenzované sladené mlieko;bežne;Salko;priamy ekvivalent;11
oyster sauce;ustricová omáčka;ázijské obchody;sójová omáčka + 1 ČL cukru na PL;1:1;11
courgettes;cuketa;bežne;—;priamy ekvivalent;10
hotsauce;ostrá omáčka;bežne;Tabasco alebo sriracha;podľa chuti;10
puff pastry;lístkové cesto;bežne mrazené;—;priamy ekvivalent;10
cheddar cheese;čedar;väčšie reťazce;eidam + trochu parmezánu;farba bude bledšia;9
clear honey;tekutý med;bežne;—;priamy ekvivalent;9
dry sherry;suché sherry;špecializované;suché biele víno + kvapka brandy;1:1;9
egg plants;baklažán;bežne;—;priamy ekvivalent;9
jasmine rice;jazmínová ryža;bežne;—;priamy ekvivalent;9
lamb mince;mleté jahňacie;ťažko dostupné;mleté hovädzie + trocha bravčového;1:1;9
powdered sugar;práškový cukor;bežne;—;priamy ekvivalent;9
thai red curry paste;thajská červená kari pasta;väčšie reťazce;—;Kaufland/Tesco ju bežne majú;9
chicken stock cube;kurací bujón;bežne;—;priamy ekvivalent;8
coriander leaves;koriander čerstvý;nie vždy;petržlenová vňať;chuť sa len priblíži;8
dulce de leche;karamelizované kondenzované mlieko;špecializované;Salko varené 3 h vo vode;alebo hotové Salko Karamel;8
harissa spice;harissa;špecializované;sladká paprika + čili + rasca + cesnak;2:1:1:1;8
parmesan cheese;parmezán;bežne;Grana Padano;lacnejší;8
raw king prawns;surové veľké krevety;mrazené;—;kupuj surové, nie varené;8
squid;kalmáre;väčšie reťazce, mrazené;—;priamy ekvivalent;8
bicarbonate of soda;sóda bikarbóna;bežne;—;jedlá sóda, nie prášok do pečiva;7
black beans;čierna fazuľa;väčšie reťazce;fazuľa červená alebo pinto;1:1;7
cannellini beans;fazuľa cannellini;väčšie reťazce;biela fazuľa v konzerve;1:1;7
challots;šalotka;väčšie reťazce;malá cibuľa;1 šalotka = 1/2 malej cibule;7
golden caster sugar;trstinový krupicový cukor;väčšie reťazce;krupicový cukor;farba bude svetlejšia;7
lard;masť;bežne;—;priamy ekvivalent;7
orange blossom water;pomarančová voda;špecializované;kôra z pomaranča;na 1 ČL vody kôra z 1/2 pomaranča;7
pine nuts;píniové oriešky;bežne, drahé;opražené slnečnicové semienka;1:1, lacnejšie;7
rapeseed oil;repkový olej;bežne;—;priamy ekvivalent;7
rocket;rukola;bežne;—;priamy ekvivalent;7
sherry vinegar;sherry ocot;špecializované;červený vínny ocot;1:1;7
vegetable stock cube;zeleninový bujón;bežne;—;priamy ekvivalent;7
beef brisket;hovädzia hruď;u mäsiara;hovädzie predné/krk;1:1, dusiť dlhšie;6
black treacle;melasa;špecializované;tmavý trstinový sirup alebo melasa z bio predajne;1:1;6
golden syrup;svetlý invertný sirup;špecializované;med alebo glukózovo-fruktózový sirup;"1:1; med pridá vlastnú chuť";6
lamb leg;jahňacie stehno;na objednávku u mäsiara;bravčové stehno;dlhší čas pečenia;6
shortcrust pastry;krehké cesto;mrazené alebo domáce;250 g múky + 125 g masla + 1 žĺtok + soľ;domáce vyjde lacnejšie;6
shortening;stužený tuk;bežne;Hera / Ceres;1:1;6
sirloin steak;roštenka;väčšie reťazce;sviečkovica alebo vysoká roštenka;priamy ekvivalent;6
star anise;badián;bežne;—;priamy ekvivalent;6
tamarind paste;tamarindová pasta;ázijské obchody;limetková šťava + 1 ČL hnedého cukru;na 1 PL pasty;6
whipping cream;smotana na šľahanie;bežne;—;33 %;6
birds-eye chillies;thajské čili;ázijské obchody;čili papričky;sú menej ostré, pridaj viac;5
butter beans;maslová fazuľa;väčšie reťazce;veľká biela fazuľa;1:1;5
butternut squash;maslová tekvica;sezónne;tekvica hokkaido;1:1;5
canola oil;repkový olej;bežne;—;priamy ekvivalent;5
custard;vanilkový krém;nedostupné hotové;vanilkový puding Dr. Oetker uvarený hustejšie;polovičné množstvo mlieka oproti návodu;5
digestive biscuits;celozrnné sušienky;nedostupné pod týmto názvom;BeBe Dobré ráno alebo Zlaté celozrnné;1:1 na drvený základ;5
english mustard;anglická horčica;špecializované;plnotučná horčica + štipka kurkumy;anglická je výrazne ostrejšia, dávaj menej;5
ground nut oil;arašidový olej;špecializované;repkový alebo slnečnicový olej;1:1;5
king prawns;veľké krevety;bežne mrazené;—;priamy ekvivalent;5
lemongrass stalks;citrónová tráva;väčšie reťazce;citrónová kôra + zázvor;na 1 stonku;5
mascarpone;mascarpone;bežne;—;priamy ekvivalent;5
molasses;melasa;špecializované;tmavý trstinový sirup;1:1;5
paella rice;ryža na paellu;špecializované;ryža arborio (rizotová);1:1;5
palm sugar;palmový cukor;ázijské obchody;kokosový alebo trstinový cukor;1:1;5
strong white bread flour;chlebová múka;väčšie reťazce;hladká múka T650 alebo pizza múka;pri kysnutom ceste rozdiel v lepku je citeľný;5
swede;kvaka;bežne sezónne;kaleráb alebo repa;1:1;5
sweet chilli sauce;sladká čili omáčka;bežne;—;priamy ekvivalent;5
all-purpose seasoning;univerzálne korenie;bežne;Vegeta alebo grilovacie korenie;podľa chuti;4
broad beans;bôb;sezónne/mrazené;mrazený hrášok;chuť jemnejšia;4
celeriac;zeler buľvový;bežne;—;priamy ekvivalent;4
clams;mušle vénuška;ťažko dostupné;mrazené slávky;1:1;4
dark brown soft sugar;tmavý hnedý cukor;väčšie reťazce;hnedý trstinový cukor + 1 ČL melasy;na 100 g;4
dried white beans;sušená biela fazuľa;bežne;fazuľa z konzervy;1 diel sušenej = 2,5 dielu z konzervy;4
filo pastry;filo cesto;väčšie reťazce, mrazené;—;potieraj maslom medzi listami;4
galangal;galgant;ťažko dostupné;čerstvý zázvor;"1:1; galgant je citrusovejší";4
gruyère;gruyère;špecializované;ementál alebo zrejúca gouda;1:1;4
lemongrass;citrónová tráva;väčšie reťazce, mrazená/pasta;kôra z 1 citróna + kúsok zázvoru;na 1 stonku;4
mussels;slávky;väčšie reťazce, mrazené;—;priamy ekvivalent;4
noodles;rezance;bežne;—;podľa receptu ryžové alebo pšeničné;4
passata;pasírované paradajky;bežne;—;priamy ekvivalent;4
pecan nuts;pekanové orechy;väčšie reťazce;vlašské orechy;1:1;4
ricotta;ricotta;väčšie reťazce, nie vždy;jemný tvaroh + 2 PL smotany na 250 g;konzistencia sa priblíži;4
rose water;ružová voda;špecializované;vanilkový extrakt;nie je to isté, ale nezkazí;4
russet potato;múčnaté zemiaky;bežne;zemiaky typu C (varný typ B/C);na kašu a pečenie;4
salt cod;solená treska;špecializované;mrazená treska + nasolenie 12 h;opláchnuť pred varením;4
semolina;krupica;bežne;—;priamy ekvivalent;4
shiitake mushrooms;šitake;ázijské obchody, sušené;sušené hríby namočené;1:1 po namočení;4
single cream;smotana 18 %;nedostupné;smotana na varenie 10–12 %;1:1;4
smoked haddock;údená treska jednoškvrnná;nedostupné;údená makrela;výraznejšia chuť, dávaj menej;4
suet;hovädzí loj;nedostupné;stuhnuté maslo nastrúhané na hrubo, alebo Hera;1:1;4
tiger prawns;tigrie krevety;väčšie reťazce, mrazené;bežné mrazené krevety;priamy ekvivalent;4
vanilla pod;vanilkový lusk;drahý;vanilkový extrakt;1 lusk = 1 ČL extraktu;4
white fish;biela ryba;bežne;treska, pangasius, mintaj;priamy ekvivalent;4
cheddar;čedar;väčšie reťazce;eidam + trochu parmezánu na chuť;farba bude bledšia;0
