nazov_en;kategoria_navrh;kuchyna;diera_ktoru_zaplna;zdroj;zdroj_url;themealdb_id;kategoria_tmdb
Baked salmon with fennel & tomatoes;Hlavné jedlo;British;ryby/morské plody (Salmon);TheMealDB;https://www.themealdb.com/meal/52959;52959;Seafood
Fish Soup (Ukha);Hlavné jedlo;Russian;ryby/morské plody (Salmon);TheMealDB;https://www.themealdb.com/meal/53079;53079;Seafood
Honey Teriyaki Salmon;Hlavné jedlo;Japanese;ryby/morské plody (Salmon);TheMealDB;https://www.themealdb.com/meal/52773;52773;Seafood
Salmon Avocado Salad;Hlavné jedlo;British;ryby/morské plody (Salmon);TheMealDB;https://www.themealdb.com/meal/52960;52960;Seafood
Salmon noodle soup;Hlavné jedlo;Vietnamese;ryby/morské plody (Salmon);TheMealDB;https://www.themealdb.com/meal/53234;53234;Seafood
Salmon noodle wraps;Hlavné jedlo;Vietnamese;ryby/morské plody (Salmon);TheMealDB;https://www.themealdb.com/meal/53248;53248;Seafood
Salmon Prawn Risotto;Hlavné jedlo;Italian;ryby/morské plody (Salmon);TheMealDB;https://www.themealdb.com/meal/52823;52823;Seafood
Three Fish Pie;Hlavné jedlo;British;ryby/morské plody (Salmon);TheMealDB;https://www.themealdb.com/meal/52882;52882;Seafood
Portuguese fish stew (Caldeirada de peixe);Hlavné jedlo;Portuguese;ryby/morské plody (Cod);TheMealDB;https://www.themealdb.com/meal/53045;53045;Seafood
Mediterranean Pasta Salad;Hlavné jedlo;Italian;ryby/morské plody (Tuna);TheMealDB;https://www.themealdb.com/meal/52777;52777;Seafood
Tuna and Egg Briks;Hlavné jedlo;Tunisian;ryby/morské plody (Tuna);TheMealDB;https://www.themealdb.com/meal/52975;52975;Seafood
Tuna Nicoise;Hlavné jedlo;France;ryby/morské plody (Tuna);TheMealDB;https://www.themealdb.com/meal/52852;52852;Seafood
Bang bang prawn salad;Hlavné jedlo;Vietnamese;ryby/morské plody (Prawns);TheMealDB;https://www.themealdb.com/meal/53239;53239;Seafood
Camaro Grelhado Com Molho Cru (Grilled Prawns with Green Onion Sauce);Hlavné jedlo;;ryby/morské plody (Prawns);TheMealDB;https://www.themealdb.com/meal/53428;53428;Seafood
Fish pie;Hlavné jedlo;British;ryby/morské plody (Prawns);TheMealDB;https://www.themealdb.com/meal/52802;52802;Seafood
Fish Stew with Rouille;Hlavné jedlo;France;ryby/morské plody (Prawns);TheMealDB;https://www.themealdb.com/meal/52918;52918;Seafood
Garlicky prawns with sherry;Hlavné jedlo;Spanish;ryby/morské plody (Prawns);TheMealDB;https://www.themealdb.com/meal/53180;53180;Seafood
Kung Po Prawns;Hlavné jedlo;Chinese;ryby/morské plody (Prawns);TheMealDB;https://www.themealdb.com/meal/52946;52946;Seafood
Mee goreng mamak;Hlavné jedlo;Malaysian;ryby/morské plody (Prawns);TheMealDB;https://www.themealdb.com/meal/53048;53048;Seafood
Prawn & noodle salad with crispy shallots;Hlavné jedlo;Vietnamese;ryby/morské plody (Prawns);TheMealDB;https://www.themealdb.com/meal/53244;53244;Seafood
Seafood fideuà;Hlavné jedlo;Spanish;ryby/morské plody (Prawns);TheMealDB;https://www.themealdb.com/meal/52836;52836;Seafood
Shrimp Chow Fun;Hlavné jedlo;Chinese;ryby/morské plody (Prawns);TheMealDB;https://www.themealdb.com/meal/52953;52953;Seafood
Spanish rice & prawn one-pot;Hlavné jedlo;Spanish;ryby/morské plody (Prawns);TheMealDB;https://www.themealdb.com/meal/53184;53184;Seafood
Spicy Thai prawn noodles;Hlavné jedlo;Thai;ryby/morské plody (Prawns);TheMealDB;https://www.themealdb.com/meal/53209;53209;Seafood
Spring onion and prawn empanadas;Hlavné jedlo;Portuguese;ryby/morské plody (Prawns);TheMealDB;https://www.themealdb.com/meal/53040;53040;Seafood
Recheado Masala Fish;Hlavné jedlo;India;ryby/morské plody (Mackerel);TheMealDB;https://www.themealdb.com/meal/52809;52809;Seafood
Fresh sardines;Príloha;Croatian;ryby/morské plody (Sardines);TheMealDB;https://www.themealdb.com/meal/53061;53061;Side
Grilled Portuguese sardines;Hlavné jedlo;Portuguese;ryby/morské plody (Sardines);TheMealDB;https://www.themealdb.com/meal/53041;53041;Seafood
Corba;Príloha;Turkish;strukoviny (Lentils);TheMealDB;https://www.themealdb.com/meal/52977;52977;Side
Tahini Lentils;Hlavné jedlo;Moroccan;strukoviny (Lentils);TheMealDB;https://www.themealdb.com/meal/52869;52869;Vegetarian
Chicken Couscous;Hlavné jedlo;Moroccan;strukoviny (Chickpeas);TheMealDB;https://www.themealdb.com/meal/52850;52850;Chicken
Chickpea Fajitas;Hlavné jedlo;Mexican;strukoviny (Chickpeas);TheMealDB;https://www.themealdb.com/meal/52870;52870;Vegetarian
Chickpea, chorizo & spinach stew;Hlavné jedlo;Spanish;strukoviny (Chickpeas);TheMealDB;https://www.themealdb.com/meal/53166;53166;Pork
Chorizo & chickpea soup;Hlavné jedlo;Spanish;strukoviny (Chickpeas);TheMealDB;https://www.themealdb.com/meal/53168;53168;Pork
Falafel;Hlavné jedlo;Turkish;strukoviny (Chickpeas);TheMealDB;https://www.themealdb.com/meal/53266;53266;Vegetarian
Grilled aubergines with spicy chickpeas & walnut sauce;Hlavné jedlo;Turkish;strukoviny (Chickpeas);TheMealDB;https://www.themealdb.com/meal/53255;53255;Vegetarian
Hummus;Príloha;Turkish;strukoviny (Chickpeas);TheMealDB;https://www.themealdb.com/meal/53269;53269;Side
Kelem dolmasi;Hlavné jedlo;;strukoviny (Chickpeas);TheMealDB;https://www.themealdb.com/meal/53449;53449;Lamb
Koshari;Hlavné jedlo;Egyptian;strukoviny (Chickpeas);TheMealDB;https://www.themealdb.com/meal/53027;53027;Vegetarian
Leblebi Soup;Hlavné jedlo;Tunisian;strukoviny (Chickpeas);TheMealDB;https://www.themealdb.com/meal/52973;52973;Vegetarian
Mastawa Lamb and Rice;Hlavné jedlo;;strukoviny (Chickpeas);TheMealDB;https://www.themealdb.com/meal/53400;53400;Lamb
Stovetop Eggplant With Harissa, Chickpeas, and Cumin Yogurt;Hlavné jedlo;United States;strukoviny (Chickpeas);TheMealDB;https://www.themealdb.com/meal/52817;52817;Vegetarian
Tunisian Lamb Soup;Hlavné jedlo;Tunisian;strukoviny (Chickpeas);TheMealDB;https://www.themealdb.com/meal/52972;52972;Lamb
Arepa Pabellón;Hlavné jedlo;Venezuela;strukoviny (Black Beans);TheMealDB;https://www.themealdb.com/meal/53334;53334;Beef
Black bean & meat stew - feijoada;Hlavné jedlo;;strukoviny (Black Beans);TheMealDB;https://www.themealdb.com/meal/53482;53482;Beef
Black Bean soup;Snack;;strukoviny (Black Beans);TheMealDB;https://www.themealdb.com/meal/53546;53546;Starter
Black Beans Hotpot;Hlavné jedlo;;strukoviny (Black Beans);TheMealDB;https://www.themealdb.com/meal/53536;53536;Vegetarian
Gallo pinto;Hlavné jedlo;;strukoviny (Black Beans);TheMealDB;https://www.themealdb.com/meal/53541;53541;Vegetarian
Stuffed Bell Peppers with Quinoa and Black Beans;Hlavné jedlo;Mexican;strukoviny (Black Beans);TheMealDB;https://www.themealdb.com/meal/53067;53067;Vegetarian
Hot and Sour Soup;Hlavné jedlo;Chinese;tofu/rastlinné bielkoviny;TheMealDB;https://www.themealdb.com/meal/52954;52954;Pork
Ma Po Tofu;Hlavné jedlo;Chinese;tofu/rastlinné bielkoviny;TheMealDB;https://www.themealdb.com/meal/52947;52947;Beef
Chicken Karaage;Hlavné jedlo;Japanese;tenká kuchyňa (Japanese);TheMealDB;https://www.themealdb.com/meal/52831;52831;Chicken
Japanese gohan rice;Príloha;Japanese;tenká kuchyňa (Japanese);TheMealDB;https://www.themealdb.com/meal/53033;53033;Side
Japanese Katsudon;Hlavné jedlo;Japanese;tenká kuchyňa (Japanese);TheMealDB;https://www.themealdb.com/meal/53034;53034;Pork
Katsu Chicken curry;Hlavné jedlo;Japanese;tenká kuchyňa (Japanese);TheMealDB;https://www.themealdb.com/meal/52820;52820;Chicken
Sushi;Hlavné jedlo;Japanese;tenká kuchyňa (Japanese);TheMealDB;https://www.themealdb.com/meal/53065;53065;Seafood
Teriyaki Chicken Casserole;Hlavné jedlo;Japanese;tenká kuchyňa (Japanese);TheMealDB;https://www.themealdb.com/meal/52772;52772;Chicken
Tonkatsu pork;Hlavné jedlo;Japanese;tenká kuchyňa (Japanese);TheMealDB;https://www.themealdb.com/meal/53032;53032;Pork
Yaki Udon;Hlavné jedlo;Japanese;tenká kuchyňa (Japanese);TheMealDB;https://www.themealdb.com/meal/52871;52871;Vegetarian
Air Fryer Egg Rolls;Príloha;Chinese;tenká kuchyňa (Chinese);TheMealDB;https://www.themealdb.com/meal/53373;53373;Side
Beef and Broccoli Stir-Fry;Hlavné jedlo;Chinese;tenká kuchyňa (Chinese);TheMealDB;https://www.themealdb.com/meal/53366;53366;Beef
Beef Lo Mein;Hlavné jedlo;Chinese;tenká kuchyňa (Chinese);TheMealDB;https://www.themealdb.com/meal/52952;52952;Beef
Chicken Congee;Hlavné jedlo;Chinese;tenká kuchyňa (Chinese);TheMealDB;https://www.themealdb.com/meal/52956;52956;Chicken
Chicken Fried Rice;Hlavné jedlo;Chinese;tenká kuchyňa (Chinese);TheMealDB;https://www.themealdb.com/meal/53367;53367;Chicken
Chinese Orange Chicken;Hlavné jedlo;Chinese;tenká kuchyňa (Chinese);TheMealDB;https://www.themealdb.com/meal/53365;53365;Chicken
Chinese Tomato Egg Stir Fry;Hlavné jedlo;Chinese;tenká kuchyňa (Chinese);TheMealDB;https://www.themealdb.com/meal/53372;53372;Vegetarian
Egg Drop Soup;Hlavné jedlo;Chinese;tenká kuchyňa (Chinese);TheMealDB;https://www.themealdb.com/meal/52955;52955;Vegetarian
Egg Foo Young;Hlavné jedlo;Chinese;tenká kuchyňa (Chinese);TheMealDB;https://www.themealdb.com/meal/53370;53370;Seafood
General Tsos Chicken;Hlavné jedlo;Chinese;tenká kuchyňa (Chinese);TheMealDB;https://www.themealdb.com/meal/52951;52951;Chicken
Drunken noodles (pad kee mao);Hlavné jedlo;Thai;tenká kuchyňa (Thai);TheMealDB;https://www.themealdb.com/meal/53193;53193;Beef
Lemongrass beef stew with noodles;Hlavné jedlo;Thai;tenká kuchyňa (Thai);TheMealDB;https://www.themealdb.com/meal/53211;53211;Beef
Massaman Beef curry;Hlavné jedlo;Thai;tenká kuchyňa (Thai);TheMealDB;https://www.themealdb.com/meal/52827;52827;Beef
Pad See Ew;Hlavné jedlo;Thai;tenká kuchyňa (Thai);TheMealDB;https://www.themealdb.com/meal/52774;52774;Chicken
Pad Thai;Hlavné jedlo;Thai;tenká kuchyňa (Thai);TheMealDB;https://www.themealdb.com/meal/53191;53191;Seafood
Panang chicken curry (kaeng panang gai);Hlavné jedlo;Thai;tenká kuchyňa (Thai);TheMealDB;https://www.themealdb.com/meal/53192;53192;Chicken
Prawn stir-fry;Hlavné jedlo;Thai;tenká kuchyňa (Thai);TheMealDB;https://www.themealdb.com/meal/53200;53200;Seafood
Red curry chicken kebabs;Hlavné jedlo;Thai;tenká kuchyňa (Thai);TheMealDB;https://www.themealdb.com/meal/53204;53204;Chicken
Stir-fried chicken with chillies & basil;Hlavné jedlo;Thai;tenká kuchyňa (Thai);TheMealDB;https://www.themealdb.com/meal/53201;53201;Chicken
Thai beef stir-fry;Hlavné jedlo;Thai;tenká kuchyňa (Thai);TheMealDB;https://www.themealdb.com/meal/53199;53199;Beef
Barbecue pork buns;Hlavné jedlo;Vietnamese;tenká kuchyňa (Vietnamese);TheMealDB;https://www.themealdb.com/meal/53242;53242;Pork
Beef Banh Mi Bowls with Sriracha Mayo, Carrot & Pickled Cucumber;Hlavné jedlo;Vietnamese;tenká kuchyňa (Vietnamese);TheMealDB;https://www.themealdb.com/meal/52997;52997;Beef
Beef pho;Hlavné jedlo;Vietnamese;tenká kuchyňa (Vietnamese);TheMealDB;https://www.themealdb.com/meal/53238;53238;Beef
Noodle bowl salad;Hlavné jedlo;Vietnamese;tenká kuchyňa (Vietnamese);TheMealDB;https://www.themealdb.com/meal/53245;53245;Seafood
Purple sprouting broccoli tempura with nuoc cham;Hlavné jedlo;Vietnamese;tenká kuchyňa (Vietnamese);TheMealDB;https://www.themealdb.com/meal/53230;53230;Miscellaneous
Rice paper dumplings;Hlavné jedlo;Vietnamese;tenká kuchyňa (Vietnamese);TheMealDB;https://www.themealdb.com/meal/53227;53227;Pork
Salt & pepper squid;Hlavné jedlo;Vietnamese;tenká kuchyňa (Vietnamese);TheMealDB;https://www.themealdb.com/meal/53233;53233;Seafood
Sea bass with sizzled ginger, chilli & spring onions;Hlavné jedlo;Vietnamese;tenká kuchyňa (Vietnamese);TheMealDB;https://www.themealdb.com/meal/53247;53247;Seafood
Adana kebab;Hlavné jedlo;Turkish;tenká kuchyňa (Turkish);TheMealDB;https://www.themealdb.com/meal/53262;53262;Lamb
Apricot & Turkish delight mess;Dezert;Turkish;tenká kuchyňa (Turkish);TheMealDB;https://www.themealdb.com/meal/53276;53276;Dessert
Aubergine & hummus grills;Hlavné jedlo;Turkish;tenká kuchyňa (Turkish);TheMealDB;https://www.themealdb.com/meal/53278;53278;Vegetarian
Aubergine couscous salad;Hlavné jedlo;Turkish;tenká kuchyňa (Turkish);TheMealDB;https://www.themealdb.com/meal/53267;53267;Vegetarian
Baklava with spiced nuts, ricotta & chocolate;Dezert;Turkish;tenká kuchyňa (Turkish);TheMealDB;https://www.themealdb.com/meal/53279;53279;Dessert
Cacik;Príloha;Turkish;tenká kuchyňa (Turkish);TheMealDB;https://www.themealdb.com/meal/53256;53256;Side
Chicken wings with cumin, lemon & garlic;Hlavné jedlo;Turkish;tenká kuchyňa (Turkish);TheMealDB;https://www.themealdb.com/meal/53261;53261;Chicken
Chilli ginger lamb chops;Hlavné jedlo;Turkish;tenká kuchyňa (Turkish);TheMealDB;https://www.themealdb.com/meal/53265;53265;Lamb
Air fryer patatas bravas;Hlavné jedlo;Spanish;tenká kuchyňa (Spanish);TheMealDB;https://www.themealdb.com/meal/53158;53158;Vegetarian
Ajo blanco;Snack;Spanish;tenká kuchyňa (Spanish);TheMealDB;https://www.themealdb.com/meal/53169;53169;Starter
Arroz al horno (baked rice);Hlavné jedlo;Spanish;tenká kuchyňa (Spanish);TheMealDB;https://www.themealdb.com/meal/53156;53156;Pork
Arroz con gambas y calamar;Hlavné jedlo;Spanish;tenká kuchyňa (Spanish);TheMealDB;https://www.themealdb.com/meal/53147;53147;Seafood
Chicken & chorizo rice pot;Hlavné jedlo;Spanish;tenká kuchyňa (Spanish);TheMealDB;https://www.themealdb.com/meal/53161;53161;Chicken
Chicken with saffron, raisins & pine nuts;Hlavné jedlo;Spanish;tenká kuchyňa (Spanish);TheMealDB;https://www.themealdb.com/meal/53186;53186;Chicken
Chocolate churros with chocolate & salted caramel sauce;Dezert;Spanish;tenká kuchyňa (Spanish);TheMealDB;https://www.themealdb.com/meal/53170;53170;Dessert
Chorizo & soft-boiled egg salad;Hlavné jedlo;Spanish;tenká kuchyňa (Spanish);TheMealDB;https://www.themealdb.com/meal/53157;53157;Pork
Chorizo & tomato salad;Hlavné jedlo;Spanish;tenká kuchyňa (Spanish);TheMealDB;https://www.themealdb.com/meal/53185;53185;Pork
Chorizo, potato & cheese omelette;Hlavné jedlo;Spanish;tenká kuchyňa (Spanish);TheMealDB;https://www.themealdb.com/meal/53159;53159;Pork
Braised Beef Chilli;Hlavné jedlo;Mexican;tenká kuchyňa (Mexican);TheMealDB;https://www.themealdb.com/meal/52826;52826;Beef
Cajun spiced fish tacos;Hlavné jedlo;Mexican;tenká kuchyňa (Mexican);TheMealDB;https://www.themealdb.com/meal/52819;52819;Seafood
Chicken Enchilada Casserole;Hlavné jedlo;Mexican;tenká kuchyňa (Mexican);TheMealDB;https://www.themealdb.com/meal/52765;52765;Chicken
Crock Pot Chicken Baked Tacos;Hlavné jedlo;Mexican;tenká kuchyňa (Mexican);TheMealDB;https://www.themealdb.com/meal/52830;52830;Chicken
Lamb Tagine;Hlavné jedlo;Moroccan;tenká kuchyňa (Moroccan);TheMealDB;https://www.themealdb.com/meal/52843;52843;Lamb
Lamb tomato and sweet spices;Hlavné jedlo;Moroccan;tenká kuchyňa (Moroccan);TheMealDB;https://www.themealdb.com/meal/52782;52782;Lamb
Moroccan Carrot Soup;Hlavné jedlo;Moroccan;tenká kuchyňa (Moroccan);TheMealDB;https://www.themealdb.com/meal/53047;53047;Vegetarian
Spicy North African Potato Salad;Hlavné jedlo;Moroccan;tenká kuchyňa (Moroccan);TheMealDB;https://www.themealdb.com/meal/52797;52797;Vegetarian
Baingan Bharta;Hlavné jedlo;India;tenká kuchyňa (India);TheMealDB;https://www.themealdb.com/meal/52807;52807;Vegetarian
Beef Mandi;Hlavné jedlo;India;tenká kuchyňa (India);TheMealDB;https://www.themealdb.com/meal/53359;53359;Beef
Bread omelette;Raňajky;India;tenká kuchyňa (India);TheMealDB;https://www.themealdb.com/meal/53076;53076;Breakfast
Chicken Handi;Hlavné jedlo;India;tenká kuchyňa (India);TheMealDB;https://www.themealdb.com/meal/52795;52795;Chicken
Chicken Mandi;Hlavné jedlo;India;tenká kuchyňa (India);TheMealDB;https://www.themealdb.com/meal/53358;53358;Chicken
Dal fry;Hlavné jedlo;India;tenká kuchyňa (India);TheMealDB;https://www.themealdb.com/meal/52785;52785;Vegetarian
Healthy Biss Jaggery Modak;Dezert;;tenká kuchyňa (India);TheMealDB;https://www.themealdb.com/meal/53580;53580;Dessert
Kidney Bean Curry;Hlavné jedlo;India;tenká kuchyňa (India);TheMealDB;https://www.themealdb.com/meal/52868;52868;Vegetarian
Egyptian Fatteh;Hlavné jedlo;Egyptian;tenká kuchyňa (Egyptian);TheMealDB;https://www.themealdb.com/meal/53031;53031;Beef
Feteer Meshaltet;Príloha;Egyptian;tenká kuchyňa (Egyptian);TheMealDB;https://www.themealdb.com/meal/53030;53030;Side
Ful Medames;Hlavné jedlo;Egyptian;tenká kuchyňa (Egyptian);TheMealDB;https://www.themealdb.com/meal/53025;53025;Vegetarian
Mulukhiyah;Hlavné jedlo;Egyptian;tenká kuchyňa (Egyptian);TheMealDB;https://www.themealdb.com/meal/53029;53029;Beef
Shakshuka;Hlavné jedlo;Egyptian;tenká kuchyňa (Egyptian);TheMealDB;https://www.themealdb.com/meal/52963;52963;Vegetarian
Cashew Ghoriba Biscuits;Dezert;Tunisian;tenká kuchyňa (Tunisian);TheMealDB;https://www.themealdb.com/meal/52976;52976;Dessert
Chakchouka ;Hlavné jedlo;Tunisian;tenká kuchyňa (Tunisian);TheMealDB;https://www.themealdb.com/meal/52969;52969;Miscellaneous
Kafteji;Hlavné jedlo;Tunisian;tenká kuchyňa (Tunisian);TheMealDB;https://www.themealdb.com/meal/52971;52971;Vegetarian
Keleya Zaara;Hlavné jedlo;Tunisian;tenká kuchyňa (Tunisian);TheMealDB;https://www.themealdb.com/meal/52974;52974;Lamb
Apam balik;Dezert;Malaysian;tenká kuchyňa (Malaysian);TheMealDB;https://www.themealdb.com/meal/53049;53049;Dessert
Ayam Percik;Hlavné jedlo;Malaysian;tenká kuchyňa (Malaysian);TheMealDB;https://www.themealdb.com/meal/53050;53050;Chicken
Beef Rendang;Hlavné jedlo;Malaysian;tenká kuchyňa (Malaysian);TheMealDB;https://www.themealdb.com/meal/53053;53053;Beef
Laksa King Prawn Noodles;Hlavné jedlo;Malaysian;tenká kuchyňa (Malaysian);TheMealDB;https://www.themealdb.com/meal/52821;52821;Seafood
Beef Asado;Hlavné jedlo;Filipino;tenká kuchyňa (Filipino);TheMealDB;https://www.themealdb.com/meal/53071;53071;Beef
Beef Caldereta;Hlavné jedlo;Filipino;tenká kuchyňa (Filipino);TheMealDB;https://www.themealdb.com/meal/53070;53070;Beef
Beef Mechado;Hlavné jedlo;Filipino;tenká kuchyňa (Filipino);TheMealDB;https://www.themealdb.com/meal/53068;53068;Beef
Bistek;Hlavné jedlo;Filipino;tenká kuchyňa (Filipino);TheMealDB;https://www.themealdb.com/meal/53069;53069;Beef
Fish fofos;Hlavné jedlo;Portuguese;tenká kuchyňa (Portuguese);TheMealDB;https://www.themealdb.com/meal/53043;53043;Seafood
Piri-piri chicken and slaw;Hlavné jedlo;Portuguese;tenká kuchyňa (Portuguese);TheMealDB;https://www.themealdb.com/meal/53039;53039;Chicken
Portuguese barbecued pork (Febras assadas);Hlavné jedlo;Portuguese;tenká kuchyňa (Portuguese);TheMealDB;https://www.themealdb.com/meal/53044;53044;Pork
Portuguese custard tarts;Dezert;Portuguese;tenká kuchyňa (Portuguese);TheMealDB;https://www.themealdb.com/meal/53046;53046;Dessert
Burek;Príloha;Croatian;tenká kuchyňa (Croatian);TheMealDB;https://www.themealdb.com/meal/53060;53060;Side
Cevapi Sausages;Hlavné jedlo;Croatian;tenká kuchyňa (Croatian);TheMealDB;https://www.themealdb.com/meal/53055;53055;Beef
Croatian Bean Stew;Hlavné jedlo;Croatian;tenká kuchyňa (Croatian);TheMealDB;https://www.themealdb.com/meal/53058;53058;Beef
Chicken Quinoa Greek Salad;Hlavné jedlo;Greek;tenká kuchyňa (Greek);TheMealDB;https://www.themealdb.com/meal/53011;53011;Chicken
Garides Saganaki;Hlavné jedlo;Greek;tenká kuchyňa (Greek);TheMealDB;https://www.themealdb.com/meal/52764;52764;Seafood
Gigantes Plaki;Hlavné jedlo;Greek;tenká kuchyňa (Greek);TheMealDB;https://www.themealdb.com/meal/53012;53012;Vegetarian
Honey Yogurt Cheesecake;Dezert;Greek;tenká kuchyňa (Greek);TheMealDB;https://www.themealdb.com/meal/53007;53007;Dessert
Lamb and Lemon Souvlaki;Hlavné jedlo;Greek;tenká kuchyňa (Greek);TheMealDB;https://www.themealdb.com/meal/53009;53009;Lamb
