nazov_en;typ_prenosne;kategoria_tmdb;kuchyna;tazko_dostupnych;suroviny_na_nahradu;zdroj;zdroj_url;themealdb_id;ingrediencie
Bread omelette;frittata / omeleta / vajcia;Breakfast;India;0;;TheMealDB;https://www.themealdb.com/meal/53076;53076;Bread, Egg, Salt
Chorizo, potato & cheese omelette;frittata / omeleta / vajcia;Pork;Spanish;0;;TheMealDB;https://www.themealdb.com/meal/53159;53159;Potatoes, Olive Oil, Chorizo, Egg, Parsley, Cheddar Cheese
Provençal Omelette Cake;frittata / omeleta / vajcia;Vegetarian;France;0;;TheMealDB;https://www.themealdb.com/meal/52921;52921;Eggs, Olive Oil, Courgettes, Spring Onions, Red Pepper, Garlic Clove, Red Chilli, Cream Cheese, Milk, Chives, Basil, Rocket, Parmesan
Shakshuka;frittata / omeleta / vajcia;Vegetarian;Egyptian;0;;TheMealDB;https://www.themealdb.com/meal/52963;52963;Olive Oil, Red Onions, Red Chilli, Garlic, Coriander, Cherry Tomatoes, Caster Sugar, Eggs, Feta
Shakshuka Feta Cheese;frittata / omeleta / vajcia;Miscellaneous;Saudi Arabian;0;;TheMealDB;https://www.themealdb.com/meal/53219;53219;Egg, Tomato Sauce, Olive Oil, Shallots, Celery, Garlic, Spinach, Feta, Red Pepper, Ground Cumin, Salt, Black Pepper
Spanish Tortilla;frittata / omeleta / vajcia;Vegetarian;Spanish;0;;TheMealDB;https://www.themealdb.com/meal/52872;52872;Onion, Olive Oil, Butter, Potatoes, Garlic, Eggs, Parsley, Baguette, Vine Tomatoes, Olive Oil
Spiced tortilla;frittata / omeleta / vajcia;Vegetarian;Spanish;0;;TheMealDB;https://www.themealdb.com/meal/53142;53142;Sunflower Oil, Onion, Red Chilli, Curry Powder, Cherry Tomatoes, Potatoes, Coriander, Egg
Vegetarian Shakshuka;frittata / omeleta / vajcia;Vegetarian;Saudi Arabian;0;;TheMealDB;https://www.themealdb.com/meal/53222;53222;Red Onions, Red Pepper, Tomato, Cumin, Garlic Granules, Cayenne Pepper, Paprika, Egg, Parsley, Chilli Flakes, Toast
Yemeni Lahsa (Elite Shakshuka);frittata / omeleta / vajcia;Breakfast;Saudi Arabian;0;;TheMealDB;https://www.themealdb.com/meal/53225;53225;Egg, Onion, Tomato, Olive Oil, Allspice, Black Pepper, Liquid Cheese
French Omelette;frittata / omeleta / vajcia;Miscellaneous;France;1;gruyère → ementál alebo zrejúca gouda;TheMealDB;https://www.themealdb.com/meal/52915;52915;Eggs, Butter, Parmesan, Tarragon Leaves, Parsley, Chives, Gruyère
Salt cod tortilla;frittata / omeleta / vajcia;Seafood;Spanish;1;solená treska → mrazená treska + nasolenie 12 h;TheMealDB;https://www.themealdb.com/meal/53171;53171;Olive Oil, Onion, Jersey Royal Potatoes, Garlic, Egg, Parsley, Salt Cod
Acaraje black-eyed pea fritters with shrimp filling;placka / fritter / kroketa / guľka;Seafood;;0;;TheMealDB;https://www.themealdb.com/meal/53483;53483;Black Eyed Peas, Garlic, Green Chilli, Red Onions, Plain Flour, Salt, Chilli Powder, Baking Powder, Vegetable Oil, Red Onions, Ginger, Garlic, Red Chilli, Raw tiger prawns, Vegetable Oil, Plum Tomatoes, Coriander, Lime
Carrot and Bean Fritters;placka / fritter / kroketa / guľka;Vegetarian;;0;;TheMealDB;https://www.themealdb.com/meal/53576;53576;Carrots, Canned Beans, Garlic, Flour, Breadcrumbs, Thyme, Parsley, Salt, Pepper, Thyme, Oil
Conch Fritters;placka / fritter / kroketa / guľka;Seafood;;0;;TheMealDB;https://www.themealdb.com/meal/53505;53505;Conchs, Green Pepper, Red Pepper, Onion, Chilli, Lime, Garlic, Black Pepper, Salt, Basil, Red Pepper Flakes, Egg, All purpose flour, Vegetable Oil
Falafel;placka / fritter / kroketa / guľka;Vegetarian;Turkish;0;;TheMealDB;https://www.themealdb.com/meal/53266;53266;Sunflower Oil, Onion, Garlic, Chickpeas, Ground Cumin, Ground Coriander, Parsley, Egg
Frikadeller - Danish Meatballs;placka / fritter / kroketa / guľka;Pork;;0;;TheMealDB;https://www.themealdb.com/meal/53553;53553;Onion, Garlic, Minced Pork, All purpose flour, Oats, Milk, Egg, Salt, Ground Black Pepper, Butter
Jamaican Beef Patties;placka / fritter / kroketa / guľka;Beef;Jamaican;0;;TheMealDB;https://www.themealdb.com/meal/52938;52938;Plain Flour, Salt, Curry Powder, Butter, Water, Minced Beef, Allspice, Black Pepper, Vegetable Oil, Onions, Red Pepper, Garlic, Thyme, Salt, Tomato Ketchup, Water, Onions, Egg, Water, Water
Karbonader (Lean Beef Patties) with Caramelized Onions;placka / fritter / kroketa / guľka;Beef;Norway;0;;TheMealDB;https://www.themealdb.com/meal/53125;53125;Onion, Butter, Ground Beef, Salt, Pepper, Nutmeg, Cornstarch, Water, Butter
Polish patties (kotlety);placka / fritter / kroketa / guľka;Side;Polish;0;;TheMealDB;https://www.themealdb.com/meal/53299;53299;Bread Rolls, Milk, Onion, Vegetable Oil, Ground Beef, Egg, Garlic Clove, Marjoram, Breadcrumbs
15-minute chicken & halloumi burgers;sendvič / wrap / burger;Chicken;United States;0;;TheMealDB;https://www.themealdb.com/meal/53085;53085;Chicken Breasts, Oil, Hotsauce, Lemon Juice, Buns, Cheese, Cabbage, Mayonnaise, Sour Cream, Lettuce, Red Pepper
Aussie Burgers;sendvič / wrap / burger;Beef;Australian;0;;TheMealDB;https://www.themealdb.com/meal/53099;53099;Lean Minced Steak, Cooked Beetroot, Naan Bread, Rocket, Soured cream and chive dip
Brie wrapped in prosciutto & brioche;sendvič / wrap / burger;Side;France;0;;TheMealDB;https://www.themealdb.com/meal/52913;52913;Plain Flour, Caster Sugar, Yeast, Milk, Eggs, Eggs, Butter, Brie, Prosciutto
Chick-Fil-A Sandwich;sendvič / wrap / burger;Chicken;United States;0;;TheMealDB;https://www.themealdb.com/meal/53016;53016;Chicken Breast, Pickle Juice, Egg, Milk, Flour, Icing Sugar, Paprika, Salt, Black Pepper, Garlic Powder, Celery Salt, Cayenne Pepper, Olive Oil, Sesame Seed Burger Buns
Chicken Shawarma with homemade garlic herb yoghurt sauce;sendvič / wrap / burger;Chicken;Saudi Arabian;0;;TheMealDB;https://www.themealdb.com/meal/53218;53218;Chicken Breast, Garlic, Ground Coriander, Ground Cumin, Ground Cardomom, Cayenne Pepper, Smoked Paprika, Salt, Lemon Juice, Olive Oil, Greek Yogurt, Garlic, Cumin, Lemon Juice
Chivito uruguayo;sendvič / wrap / burger;Beef;Uruguayan;0;;TheMealDB;https://www.themealdb.com/meal/53063;53063;Beef Brisket, Bread, Lettuce, Tomato, Ham, Mozzarella, Bacon, Egg, Onion, Pepper
Cuban Sandwich;sendvič / wrap / burger;Pork;;0;;TheMealDB;https://www.themealdb.com/meal/53547;53547;Pork Chops, Kosher Salt, Vegetable Oil, Orange, Lime, Dried Oregano, Ground Black Pepper, Garlic Powder, Dijon Mustard, Mayonnaise, Cuban Bread, Unsalted Butter, Swiss Cheese, Deli Ham, Dill Pickles
Lasagna Sandwiches;sendvič / wrap / burger;Pasta;United States;0;;TheMealDB;https://www.themealdb.com/meal/52987;52987;Sour Cream, Chopped Onion, Dried Oregano, Salt, Bread, Bacon, Tomato, Mozzarella, Butter
Num Pang – Cambodian Baguette Sandwich;sendvič / wrap / burger;Chicken;;0;;TheMealDB;https://www.themealdb.com/meal/53501;53501;Baguette, Chicken Thighs, Soy Sauce, Honey, Vegetable Oil, Carrots, Daikon Radish, Rice Vinegar, Sugar, Mayonnaise, Sriracha, Cilantro Leaves, Cucumber
Open-faced Sandwich With Potato;sendvič / wrap / burger;Pork;;0;;TheMealDB;https://www.themealdb.com/meal/53554;53554;New Potatoes, Bacon, Mayonnaise, Chives, Rye Bread, Red Onions, All purpose flour, Vegetable Oil, Sea Salt
Salmon noodle wraps;sendvič / wrap / burger;Seafood;Vietnamese;0;;TheMealDB;https://www.themealdb.com/meal/53248;53248;Rice Noodles, Spring Onions, Petit Pois, Chilli, Coriander, Lime, Salmon
Shawarma;sendvič / wrap / burger;Chicken;Egyptian;0;;TheMealDB;https://www.themealdb.com/meal/53028;53028;Chicken Thighs, Coriander, Cumin, Cardamom, Cayenne Pepper, Paprika, Lemon Juice, Olive Oil, Greek Yogurt, Garlic Clove, Cumin, Lemon Juice, Lettuce, Tomato, Pita Bread
Shawarma bread;sendvič / wrap / burger;Side;Saudi Arabian;0;;TheMealDB;https://www.themealdb.com/meal/53226;53226;Flour, Salt, Sugar, Baking Powder, Oil, Water
Shawarma chuck roast wrap;sendvič / wrap / burger;Beef;Saudi Arabian;0;;TheMealDB;https://www.themealdb.com/meal/53217;53217;Chuck Roast, Beef Stock, Lemon Juice, Ground Cumin, Paprika, Salt, Ground Ginger, Turmeric, Cayenne Pepper, Ground Cinnamon, Ground Coriander, Ground Clove
Chivito sandwich;sendvič / wrap / burger;Beef;Uruguayan;1;melasa → tmavý trstinový sirup;TheMealDB;https://www.themealdb.com/meal/53319;53319;Milk, Butter, Molasses, Water, Egg, Bread Flour, Salt, Yeast, Egg Wash, Sesame Seed, Onion, Sirloin steak, Garlic, Bacon, Ham, Mozzarella, Tomato, Lettuce, Mustard, Chimichurri sauce
Falafel Pita Sandwich with Tahini Sauce;sendvič / wrap / burger;Vegetarian;Syrian;1;harissa → sladká paprika + čili + rasca + cesnak;TheMealDB;https://www.themealdb.com/meal/53091;53091;Falafel, Tahini, Water, Lemon Juice, Garlic, Paprika, Pita Bread, Lettuce, Tomato, Cucumber, Dill Pickles, Red Onions, Harissa Spice
Grilled Mac and Cheese Sandwich;sendvič / wrap / burger;Pasta;United States;1;smotana 36–40 % → smotana na šľahanie 33 %;TheMealDB;https://www.themealdb.com/meal/52829;52829;Macaroni, Plain Flour, Mustard Powder, Garlic powder, Kosher salt, Black pepper, Cayenne pepper, Butter, Whole Milk, Heavy Cream, Monterey Jack Cheese, Butter, garlic powder, Bread, Cheddar Cheese, Colby Jack Cheese, Butter
Hot cumin lamb wrap with crunchy slaw & spicy mayo;sendvič / wrap / burger;Lamb;Turkish;1;jahňacie stehno → bravčové stehno;TheMealDB;https://www.themealdb.com/meal/53258;53258;Lamb Leg, Olive Oil, Ground Cumin, Sugar, White Wine Vinegar, Carrots, Spring Onions, White Cabbage, Sweet Peppadew Peppers, Mayonnaise, Pita Bread
Lamb Tzatziki Burgers;sendvič / wrap / burger;Lamb;Greek;1;mleté jahňacie → mleté hovädzie + trocha bravčového;TheMealDB;https://www.themealdb.com/meal/53010;53010;Bulgur Wheat, Lamb Mince, Cumin, Coriander, Paprika, Garlic, Olive Oil, Bun, Cucumber, Greek Yogurt, Mint
kofta burgers;sendvič / wrap / burger;Lamb;Turkish;1;jahňacie → bravčové plece alebo hovädzie;TheMealDB;https://www.themealdb.com/meal/53257;53257;Lamb, Onion, Garlic Bulb, Garam Masala, Coriander, Chilli Sauce, Pita Bread, Tomato, Red Cabbage, Red Onions, Yogurt
Bulgarian Honey Cookies;sladké pečivo na cesty;Dessert;;0;;TheMealDB;https://www.themealdb.com/meal/53493;53493;Eggs, Powdered Sugar, Honey, Vanilla Extract, Vegetable Oil, All purpose flour, Salt, Ground Cinnamon, Baking Powder, Chocolate Chips, Vegetable Oil
Chelsea Buns;sladké pečivo na cesty;Dessert;British;0;;TheMealDB;https://www.themealdb.com/meal/52898;52898;White Flour, Salt, Yeast, Milk, Butter, Eggs, Vegetable Oil, Butter, Brown Sugar, Cinnamon, Dried Fruit, Milk, Caster Sugar
Chocolate Raspberry Brownies;sladké pečivo na cesty;Dessert;United States;0;;TheMealDB;https://www.themealdb.com/meal/52860;52860;Dark Chocolate, Milk Chocolate, Salted Butter, Light Brown Soft Sugar, Eggs, Plain Flour, Cocoa, Raspberries
Cinnamon Roll Cookies;sladké pečivo na cesty;Dessert;;0;;TheMealDB;https://www.themealdb.com/meal/53462;53462;Plain Flour, Unsalted Butter, Caster Sugar, Egg, Salt, Ground Cinnamon, Brown Sugar
Cinnamon buns;sladké pečivo na cesty;Dessert;Norway;0;;TheMealDB;https://www.themealdb.com/meal/53116;53116;Unsalted Butter, Milk, Salt, Flour, Strong White Flour, Fast action yeast, Cardamom, Caster Sugar, Egg, Olive Oil, Unsalted Butter, Caster Sugar, Cinnamon, Egg
Honey Cookies;sladké pečivo na cesty;Dessert;;0;;TheMealDB;https://www.themealdb.com/meal/53579;53579;Honey, Rye Flour, Water
Kurabie Butter Cookies;sladké pečivo na cesty;Dessert;;0;;TheMealDB;https://www.themealdb.com/meal/53414;53414;Flour, Greek Yogurt, Eggs, Sugar, Melted Butter, Baking Powder, Vanilla Extract, Egg, Melted Butter
Laos Plantain Coconut Bake (Flourless Muffin);sladké pečivo na cesty;Dessert;;0;;TheMealDB;https://www.themealdb.com/meal/53424;53424;Coconut Cream, Plantain, Sugar
Mamoul (Eid biscuits);sladké pečivo na cesty;Dessert;Saudi Arabian;0;;TheMealDB;https://www.themealdb.com/meal/53221;53221;Plain Flour, Semolina, Sunflower Oil, Unsalted Butter, Milk, Icing Sugar
Mini bundt cakes;sladké pečivo na cesty;Dessert;Polish;0;;TheMealDB;https://www.themealdb.com/meal/53304;53304;Butter, Plain Flour, Caster Sugar, Egg, Baking Powder, Cocoa Powder, Milk, Icing Sugar
Peanut Butter Cookies;sladké pečivo na cesty;Dessert;United States;0;;TheMealDB;https://www.themealdb.com/meal/52958;52958;Peanut Butter, Sugar, Egg
Rogaliki (Polish Croissant Cookies);sladké pečivo na cesty;Dessert;Polish;0;;TheMealDB;https://www.themealdb.com/meal/53024;53024;Butter, Egg Yolks, Cream Cheese, Baking Powder, Flour, Jam
Anzac biscuits;sladké pečivo na cesty;Dessert;Australian;1;svetlý invertný sirup → med alebo glukózovo-fruktózový sirup;TheMealDB;https://www.themealdb.com/meal/53111;53111;Porridge oats, Desiccated Coconut, Plain Flour, Caster Sugar, Butter, Golden Syrup, Bicarbonate Of Soda
Cashew Ghoriba Biscuits;sladké pečivo na cesty;Dessert;Tunisian;1;pomarančová voda → kôra z pomaranča;TheMealDB;https://www.themealdb.com/meal/52976;52976;Cashew Nuts, Icing Sugar, Egg Yolks, Orange Blossom Water, Icing Sugar, Almonds
Christmas Pudding Flapjack;sladké pečivo na cesty;Dessert;British;1;svetlý invertný sirup → med alebo glukózovo-fruktózový sirup;TheMealDB;https://www.themealdb.com/meal/52788;52788;salted butter, dark soft brown sugar, golden syrup, orange, rolled oats, Christmas pudding
Dulce de Leche Cheesecake with a Maria Cookie Crust.;sladké pečivo na cesty;Dessert;;1;karamelizované kondenzované mlieko → Salko varené 3 h vo vode;TheMealDB;https://www.themealdb.com/meal/53543;53543;Maria Cookies, Unsalted Butter, Cream Cheese, Cream Cheese, Sweetened Condensed Milk, Eggs, Vanilla Extract, Dulce de leche
Jam jam cookies;sladké pečivo na cesty;Dessert;Canadian;1;melasa → tmavý trstinový sirup;TheMealDB;https://www.themealdb.com/meal/53339;53339;Egg, Butter, Sugar, Molasses, Vanilla, Baking Powder, Water, Baking Powder, Cinnamon, Salt, Flour, Jam
Jamaican Spice Bun Recipe;sladké pečivo na cesty;Dessert;Jamaican;1;melasa → tmavý trstinový sirup;TheMealDB;https://www.themealdb.com/meal/53348;53348;All purpose flour, Baking Powder, Ground Cinnamon, Salt, Egg, Brown Sugar, Beer, Milk, Honey, Unsalted Butter, Molasses, Caramelized Sugar Sauce, Vanilla Extract, Dried cranberries, Raisins, Dried Cherries
Beef Empanadas;slaný koláč / pie / empanada;Beef;Uruguayan;0;;TheMealDB;https://www.themealdb.com/meal/53317;53317;Lard, Water, Salt, All purpose flour, Tomato, Garlic, Red Onions, Spring Onions, Sirloin steak, Dried Oregano, Paprika, Red Pepper Flakes, Parsley, Salt, Pepper, Egg, Egg Wash, Chimichurri sauce
Beef and Mustard Pie;slaný koláč / pie / empanada;Beef;British;0;;TheMealDB;https://www.themealdb.com/meal/52874;52874;Beef, Plain Flour, Rapeseed Oil, Red Wine, Beef Stock, Onion, Carrots, Thyme, Mustard, Egg Yolks, Puff Pastry, Green Beans, Butter, Salt, Pepper
Beef and Oyster pie;slaný koláč / pie / empanada;Beef;British;0;;TheMealDB;https://www.themealdb.com/meal/52878;52878;Beef, Olive Oil, Shallots, Garlic, Bacon, Thyme, Bay Leaf, Stout, Beef Stock, Corn Flour, Oysters, Plain Flour, Salt, Butter, Eggs
Cheese Borek;slaný koláč / pie / empanada;Side;Algerian;0;;TheMealDB;https://www.themealdb.com/meal/53290;53290;Egg, Parsley, Garlic, Red Pepper, Gouda Cheese, Emmentaler Cheese, Phyllo Dough, Unsalted Butter
Chilean Empanada;slaný koláč / pie / empanada;Pork;;0;;TheMealDB;https://www.themealdb.com/meal/53514;53514;Butter, Onion, Garlic, Dried Oregano, Cumin, Salt, Black Pepper, Ground Pork, Raisins, Black Olives, Eggs, Water, Shortening, All purpose flour, Salt, Eggs
Cumberland Pie;slaný koláč / pie / empanada;Beef;British;0;;TheMealDB;https://www.themealdb.com/meal/53098;53098;Celery, Onion, Carrots, Bay Leaves, Thyme, Vegetable Oil, Butter, Flour, Tomato Puree, Worcestershire Sauce, Beef Stock Cubes, Feather blade beef, Potatoes, Mature Cheddar, Parmesan Cheese
Empanadas;slaný koláč / pie / empanada;Beef;Argentina;0;;TheMealDB;https://www.themealdb.com/meal/53134;53134;All purpose flour, Butter, Water, Salt, Ground Beef, Onion, Egg, Green Olives, Cumin, Paprika, Salt, Pepper
Empanadas Fritas de Queso;slaný koláč / pie / empanada;Vegetarian;;0;;TheMealDB;https://www.themealdb.com/meal/53518;53518;All purpose flour, Baking Powder, Salt, Lard, Milk, Egg, Swiss Cheese
Lakror me Kungull Summer Squash Pie;slaný koláč / pie / empanada;Vegetarian;;0;;TheMealDB;https://www.themealdb.com/meal/53407;53407;Squash, Eggs, Flour, Baking Powder, Olive Oil
Lamb and Potato pie;slaný koláč / pie / empanada;Lamb;British;0;;TheMealDB;https://www.themealdb.com/meal/52877;52877;Lamb Shoulder, Flour, Vegetable Oil, Onion, Carrots, Vegetable Stock, Potatoes, Shortcrust Pastry, Eggs
Macaroni Pie;slaný koláč / pie / empanada;Pasta;;0;;TheMealDB;https://www.themealdb.com/meal/53461;53461;Macaroni, Butter, Cheddar Cheese, Egg, Milk, Ground Onion, Mustard, Pepper, Salt, Cayenne Pepper, Breadcrumbs, Butter, Cheddar Cheese
Minced Beef Pie;slaný koláč / pie / empanada;Beef;British;0;;TheMealDB;https://www.themealdb.com/meal/52876;52876;Vegetable Oil, Minced Beef, Onion, Tomato Puree, Plain Flour, Mushrooms, Beef Stock, Worcestershire Sauce, Shortcrust Pastry, Egg Yolks
Mini chilli beef pies;slaný koláč / pie / empanada;Beef;Australian;0;;TheMealDB;https://www.themealdb.com/meal/53109;53109;Ready rolled shortcrust pastry, Sunflower Oil, Onion, Hot Chilli Powder, Ground Cumin, Minced Beef, Tomato Puree, Beef Stock, Ground Cinnamon, Kidney Beans, Potatoes, Sour Cream, Chopped Chive
Pastel de Papas (Chilean Potato Pie);slaný koláč / pie / empanada;Beef;;0;;TheMealDB;https://www.themealdb.com/meal/53517;53517;Potatoes, Butter, Salt, Eggs, Vegetable Oil, Onion, Garlic, Tomato, Tomato Puree, Ground Beef, Panquehue Cheese, Parsley, Cayenne Pepper, Salt, Black Pepper
Paszteciki (Polish Pasties);slaný koláč / pie / empanada;Beef;Polish;0;;TheMealDB;https://www.themealdb.com/meal/53017;53017;Flour, Salt, Egg, Egg, Butter, Butter, Onion, Swede, Beef Brisket, Eggs, Salt, Pepper
Pierogi (Polish Dumplings);slaný koláč / pie / empanada;Side;Polish;0;;TheMealDB;https://www.themealdb.com/meal/53019;53019;Butter, Chopped Onion, Sauerkraut, Butter, Chopped Onion, Potatoes, Eggs, Sour Cream, Flour, Salt, Baking Powder
Rappie Pie;slaný koláč / pie / empanada;Chicken;Canadian;0;;TheMealDB;https://www.themealdb.com/meal/52933;52933;Butter, Onions, Chicken Stock, Chicken Breast, Potatoes, Salt, Black Pepper
Sauerkraut pierogi;slaný koláč / pie / empanada;Vegetarian;Polish;0;;TheMealDB;https://www.themealdb.com/meal/53296;53296;Sunflower Oil, Shallots, Sauerkraut, Hispi (sweetheart) Cabbage, Egg, Vegetable Oil, Plain Flour, Vegetable Oil, Shallots, Plain Flour, Butter, Sour Cream
Sauerkraut pierogii;slaný koláč / pie / empanada;Vegetarian;Ukrainian;0;;TheMealDB;https://www.themealdb.com/meal/53314;53314;Sunflower Oil, Shallots, Sauerkraut, Hispi (sweetheart) Cabbage, Egg, Vegetable Oil, Plain Flour, Vegetable Oil, Shallots, Plain Flour, Butter, Sour Cream
Spanish chicken pie;slaný koláč / pie / empanada;Chicken;Spanish;0;;TheMealDB;https://www.themealdb.com/meal/53155;53155;Potatoes, Paprika, Olive Oil, Onion, Garlic, Tinned Tomatos, Chicken, Roasted pepper, Green Olives
Spring onion and prawn empanadas;slaný koláč / pie / empanada;Seafood;Portuguese;0;;TheMealDB;https://www.themealdb.com/meal/53040;53040;Spring Onions, Olive Oil, Red Chilli, Garlic, Prawns, Feta, Butter, Plain Flour, Egg, White Wine Vinegar
Steak and Kidney Pie;slaný koláč / pie / empanada;Beef;British;0;;TheMealDB;https://www.themealdb.com/meal/52881;52881;Puff Pastry, Egg White, Egg Yolks, Vegetable Oil, Beef, Lamb Kidney, Onions, Plain Flour, Beef Stock, Salt, Pepper, Worcestershire Sauce
Vegetable Shepherds Pie;slaný koláč / pie / empanada;Beef;Irish;0;;TheMealDB;https://www.themealdb.com/meal/53000;53000;Potatoes, Small Potatoes, Salted Butter, Mushrooms, Brown Lentils, Garlic, Kosher Salt, Onion, Tomato Puree, Bay Leaves, Olive Oil, Dry White Wine, Vegetable Stock, Cornstarch, Soy Sauce, Rosemary, Parsley, Sage, Chives
Venezuelan turnovers;slaný koláč / pie / empanada;Side;Venezuela;0;;TheMealDB;https://www.themealdb.com/meal/53332;53332;Ground Beef, Pepper, Ground Cumin, Vegetable Oil, Onion, Green Pepper, Red Pepper, Garlic Powder, Capers, Tomato Sauce, Sazon, Yellow Masarepa, Vegetable Oil
Zapiekanki;slaný koláč / pie / empanada;Pork;Polish;0;;TheMealDB;https://www.themealdb.com/meal/53294;53294;Baguette, Butter, Vegetable Oil, Onion, Mushrooms, Garlic, Mayonnaise, Cheddar Cheese, Ham, Polish Kabanos, Mozzarella, Dill, Chives, Tomato Ketchup
Chicken Ham and Leek Pie;slaný koláč / pie / empanada;Chicken;British;1;smotana 48 % → smotana na šľahanie 33 % + 1 PL masla na 100 ml;TheMealDB;https://www.themealdb.com/meal/52875;52875;Chicken Stock, Chicken Breast, Butter, Leek, Garlic, Plain Flour, Milk, White Wine, Double Cream, Ham, Sea Salt, Pepper, Plain Flour, Butter, Free-range Egg, Beaten, Cold Water, Free-range Egg, Beaten
McSinghs Scotch pie;slaný koláč / pie / empanada;Lamb;British;1;mleté jahňacie → mleté hovädzie + trocha bravčového;TheMealDB;https://www.themealdb.com/meal/52880;52880;Cumin, Rapeseed Oil, Red Onions, Garlic Clove, Green Chilli, Red Pepper, Nutmeg, Coriander, Lamb Mince, Pepper, Coriander, Plain Flour, Salt, Milk, Lard, Egg Yolks
Three Fish Pie;slaný koláč / pie / empanada;Seafood;British;1;údená treska jednoškvrnná → údená makrela;TheMealDB;https://www.themealdb.com/meal/52882;52882;Potatoes, Butter, Milk, Gruyere, Butter, Leek, Plain Flour, White Wine, Milk, Parsley, Salmon, Haddock, Smoked Haddock, Eggs
Fish pie;slaný koláč / pie / empanada;Seafood;British;2;smotana 48 % → smotana na šľahanie 33 % + 1 PL masla na 100 ml | gruyère → ementál alebo zrejúca gouda;TheMealDB;https://www.themealdb.com/meal/52802;52802;Floury Potatoes, Olive Oil, Semi-skimmed Milk, White Fish Fillets, Plain flour, Nutmeg, Double Cream, Jerusalem Artichokes, Leek, Prawns, Parsley, Dill, Lemon, Gruyère, Lemon
Barbecue pork buns;slaný snack na cesty;Pork;Vietnamese;0;;TheMealDB;https://www.themealdb.com/meal/53242;53242;Sugar, White Bread Mix, Sunflower Oil, Bacon, Ginger, Garlic, Soy Sauce, Clear Honey, Tomato Puree, Egg
Hveder - Danish Wheat Buns;slaný snack na cesty;Side;;0;;TheMealDB;https://www.themealdb.com/meal/53552;53552;Milk, Yeast, Eggs, Sugar, Coarse Salt, Ground Cardomom, All purpose flour, Butter, Egg
Mini butter buns;slaný snack na cesty;Side;;0;;TheMealDB;https://www.themealdb.com/meal/53560;53560;Bread Flour, Milk, Sugar, Instant Yeast, Salt, Unsalted Butter, Egg
Vietnamese Grilled Pork (bun-thit-nuong);slaný snack na cesty;Pork;Vietnamese;0;;TheMealDB;https://www.themealdb.com/meal/52828;52828;Pork, Rice Vermicelli, Egg Rolls, Challots, Garlic, Sugar, Fish Sauce, Soy sauce, Pepper, Olive Oil, Cucumber, Mint, Peanuts
Algerian Flafla (Bell Pepper Salad);šalát do krabičky;Vegetarian;Algerian;0;;TheMealDB;https://www.themealdb.com/meal/53288;53288;Green Pepper, Olive Oil, Red Onions, Garlic, Salt, Pepper, Plum Tomatoes
Aubergine couscous salad;šalát do krabičky;Vegetarian;Turkish;0;;TheMealDB;https://www.themealdb.com/meal/53267;53267;Aubergine, Olive Oil, Couscous, Vegetable Stock, Cherry Tomatoes, Mint, Goats Cheese, Lemon
Bang bang prawn salad;šalát do krabičky;Seafood;Vietnamese;0;;TheMealDB;https://www.themealdb.com/meal/53239;53239;Rice Noodles, Peanut Butter, Coconut Milk, sweet chilli sauce, Spring Onions, Cucumber, Bean Sprouts, Prawns
Bulgarian Green Salad;šalát do krabičky;Side;;0;;TheMealDB;https://www.themealdb.com/meal/53492;53492;Lettuce, Radish, Cucumber, Scallions, Salt, Apple Cider Vinegar, Olive Oil, Dill, Parsley
Cayman Style Potato Salad;šalát do krabičky;Side;;0;;TheMealDB;https://www.themealdb.com/meal/53507;53507;Potatoes, Green Pepper, Red Pepper, Onion, Mayonnaise, Mustard, Sugar, Black Pepper, Beets, Peas, Eggs
Chicken Quinoa Greek Salad;šalát do krabičky;Chicken;Greek;0;;TheMealDB;https://www.themealdb.com/meal/53011;53011;Quinoa, Butter, Red Chilli, Garlic, Chicken Breast, Olive Oil, Black Olives, Red Onions, Feta, Mint, Lemon
Cucumber & fennel salad;šalát do krabičky;Vegetarian;Polish;0;;TheMealDB;https://www.themealdb.com/meal/53309;53309;Cucumber, Sugar, Fennel Bulb, Sour Cream, Lemon, White Wine Vinegar, Dill
Liegeoise Salad;šalát do krabičky;Vegetarian;;0;;TheMealDB;https://www.themealdb.com/meal/53467;53467;Potatoes, Green Beans, Eggs, Bacon, Onion, Olive Oil, White Wine Vinegar, Mustard, Parsley, Pepper, Salt
Mediterranean Pasta Salad;šalát do krabičky;Seafood;Italian;0;;TheMealDB;https://www.themealdb.com/meal/52777;52777;mozzarella balls, baby plum tomatoes, fresh basil, farfalle, extra virgin olive oil, Green Olives, tuna, salt, pepper
Papaya salad;šalát do krabičky;Vegetarian;;0;;TheMealDB;https://www.themealdb.com/meal/53573;53573;Green Papaya, Lemon Juice, Salt, Carrots, Cherry Tomatoes, Spring Onions, Roasted Peanut, Garlic
Pomegranate salad;šalát do krabičky;Vegetarian;Polish;0;;TheMealDB;https://www.themealdb.com/meal/53297;53297;Olive Oil, Lemon Juice, Honey, Thyme, Baby Lettuce Leaves, Cherry Tomatoes, Spring Onions, Red Chilli, Pomegranate, Feta
Potato Salad (Olivier Salad);šalát do krabičky;Vegetarian;Russian;0;;TheMealDB;https://www.themealdb.com/meal/53081;53081;Potatoes, Carrots, Salt, White Wine Vinegar, Eggs, Sausages, Dill, Peas, Onions, Mayonnaise
Prawn & noodle salad with crispy shallots;šalát do krabičky;Seafood;Vietnamese;0;;TheMealDB;https://www.themealdb.com/meal/53244;53244;Rice Noodles, Prawns, Red Onions, Red Chilli, Cucumber, Coriander, Mint, Roasted Peanut, Lime, Brown Sugar, Fish Sauce, Garlic, Shallots, Vegetable Oil, Flour
Salmon Avocado Salad;šalát do krabičky;Seafood;British;0;;TheMealDB;https://www.themealdb.com/meal/52960;52960;Salmon, Avocado, Cucumber, Spinach, Mint, Lime, Honey, Olive Oil
Sesame Cucumber Salad;šalát do krabičky;Side;Chinese;0;;TheMealDB;https://www.themealdb.com/meal/53378;53378;Cucumber, Salt, Sesame Seed Oil, Rice Vinegar, Basil Leaves, Red Chilli Flakes, Sesame Seed
Shopska Salad;šalát do krabičky;Vegetarian;;0;;TheMealDB;https://www.themealdb.com/meal/53491;53491;Cucumber, Tomatoes, Red Onions, Green Pepper, Salt, Olive Oil, Feta, Parsley
Squid, chickpea & chorizo salad;šalát do krabičky;Seafood;Australian;0;;TheMealDB;https://www.themealdb.com/meal/53102;53102;Red Pepper, Can of chickpeas, Parsley, Red Chilli, Garlic Clove, Olive Oil, Squid, Chorizo, Lemon
Steak & Vietnamese noodle salad;šalát do krabičky;Beef;Vietnamese;0;;TheMealDB;https://www.themealdb.com/meal/53229;53229;Brown Rice Noodle, Rapeseed Oil, Fillet Of Steak, Carrots, Chinese Cabbage, Spring Onions, Coriander, Red Chilli, Lime, Brown Sugar, Rice Vinegar, Garlic Clove, Fish Sauce
Thai rice noodle salad;šalát do krabičky;Vegetarian;Thai;0;;TheMealDB;https://www.themealdb.com/meal/53203;53203;Vermicelli Rice Noodles, Bean Sprouts, Lime, Fish Sauce, Muscovado Sugar, Red Onions, Lettuce, Minced Pork, Ginger, Cayenne Pepper, Sunflower Oil, Sesame Seed, Oil, Sirloin steak, Red Chilli
Vietnamese chicken salad;šalát do krabičky;Chicken;Vietnamese;0;;TheMealDB;https://www.themealdb.com/meal/53232;53232;Rice Noodles, Carrots, Cucumber, Chicken Breasts, Radish, Red Onions, Mint, Peanuts, Red Chilli, Lime, Fish Sauce, Soy Sauce, Sesame Seed Oil
Vietnamese pork salad;šalát do krabičky;Pork;Vietnamese;0;;TheMealDB;https://www.themealdb.com/meal/53237;53237;Golden Caster Sugar, Lime, Red Chilli, Coriander, Sesame Seed Oil, Fish Sauce, Soy Sauce, Pork Tenderloin, Vegetable Oil, White Cabbage, Cucumber, Celery, Spring Onions, Red Chilli, Lemongrass Stalks, Lime, Coriander, Mint
Warm roast asparagus salad;šalát do krabičky;Pork;Australian;0;;TheMealDB;https://www.themealdb.com/meal/53106;53106;Asparagus, Red Wine Vinegar, Tomato, Extra Virgin Olive Oil, Streaky Bacon, Clear Honey, Jersey Royal Potatoes, Extra Virgin Olive Oil, Dijon Mustard, Rocket
Chicken Salad With Mushrooms and Bacon;šalát do krabičky;Chicken;;1;créme fraiche → kyslá smotana 16 %;TheMealDB;https://www.themealdb.com/meal/53549;53549;Chicken Breast, Shallots, Mayonnaise, Creme Fraiche, Dijon Mustard, Apple Cider Vinegar, Bacon, Mushrooms, Parsley, Salt, Pepper
Chorizo & soft-boiled egg salad;šalát do krabičky;Pork;Spanish;1;sherry ocot → červený vínny ocot;TheMealDB;https://www.themealdb.com/meal/53157;53157;Baby New Potatoes, Egg, Green Beans, Chorizo, Garlic Clove, Sherry vinegar, Parsley
Chorizo & tomato salad;šalát do krabičky;Pork;Spanish;1;sherry ocot → červený vínny ocot;TheMealDB;https://www.themealdb.com/meal/53185;53185;Beef tomatoes, Red Onions, Thyme, Sherry vinegar, Extra Virgin Olive Oil, Chorizo
Classic Potato Salad;šalát do krabičky;Side;;1;créme fraiche → kyslá smotana 16 %;TheMealDB;https://www.themealdb.com/meal/53555;53555;New Potatoes, Asparagus, Chives, Red Onions, Radish, Creme Fraiche, Mayonnaise, Dijon Mustard, Sugar, Apple Cider Vinegar, Salt, Pepper
Noodle bowl salad;šalát do krabičky;Seafood;Vietnamese;1;arašidový olej → repkový alebo slnečnicový olej;TheMealDB;https://www.themealdb.com/meal/53245;53245;Rice Noodles, Sugar Snap Peas, Sesame Seed Oil, Spring Onions, Coriander, Hot Smoked Flaked Salmon, Pretzels, Soy Sauce, Clear Honey, Lemon Juice, Ground Nut Oil, Garlic, Ginger
Sauerkraut and Fish Salad;šalát do krabičky;Seafood;;1;údená treska jednoškvrnná → údená makrela;TheMealDB;https://www.themealdb.com/meal/53577;53577;Sauerkraut, Smoked Haddock, Egg, Rye Bread, Oil, Honey, Salt
Simple heart of palm & tomato salad;šalát do krabičky;Starter;;1;sherry ocot → červený vínny ocot;TheMealDB;https://www.themealdb.com/meal/53484;53484;Palm Hearts, Cherry Tomatoes, Spring Onions, Sherry vinegar, Olive Oil, Parsley
Spicy North African Potato Salad;šalát do krabičky;Vegetarian;Moroccan;1;harissa → sladká paprika + čili + rasca + cesnak;TheMealDB;https://www.themealdb.com/meal/52797;52797;Small Potatoes, Harissa Spice, olive oil, Lemon, Spring onions, Rocket, Feta, Mint, Pine nuts, Salt, Pepper
Sweet potato salad;šalát do krabičky;Vegetarian;Turkish;1;sherry ocot → červený vínny ocot;TheMealDB;https://www.themealdb.com/meal/53275;53275;Sweet Potatoes, Olive Oil, Shallots, Spring Onions, Chives, Sherry vinegar, Extra Virgin Olive Oil, Honey
Tangy carrot, cabbage & onion salad;šalát do krabičky;Vegetarian;Vietnamese;1;arašidový olej → repkový alebo slnečnicový olej;TheMealDB;https://www.themealdb.com/meal/53246;53246;Carrots, Red Cabbage, Red Onions, Mint, Coriander Leaves, Roasted Peanut, Lime, Ground Nut Oil, Red Chilli, Brown Sugar
